[
    {
        "model": "users.user",
        "pk": "100",
        "fields": {
            "username": "bingobongo",
            "email": "bingobongo@yamdb.fake",
            "role": "user",
            "bio": "",
            "first_name": "",
            "last_name": "",
            "password": "",
            "is_superuser": "0",
            "is_staff": "0",
            "is_active": "1",
            "date_joined": "2022-01-01T00:00:00Z"
        }
    },
    {
        "model": "users.user",
        "pk": "101",
        "fields": {
            "username": "capt_obvious",
            "email": "capt_obvious@yamdb.fake",
            "role": "admin",
            "bio": "",
            "first_name": "",
            "last_name": "",
            "password": "",
            "is_superuser": "0",
            "is_staff": "0",
            "is_active": "1",
            "date_joined": "2022-01-01T00:00:00Z"
        }
    },
    {
        "model": "users.user",
        "pk": "102",
        "fields": {
            "username": "faust",
            "email": "faust@yamdb.fake",
            "role": "user",
            "bio": "",
            "first_name": "",
            "last_name": "",
            "password": "",
            "is_superuser": "0",
            "is_staff": "0",
            "is_active": "1",
            "date_joined": "2022-01-01T00:00:00Z"
        }
    },
    {
        "model": "users.user",
        "pk": "103",
        "fields": {
            "username": "reviewer",
            "email": "reviewer@yamdb.fake",
            "role": "user",
            "bio": "",
            "first_name": "",
            "last_name": "",
            "password": "",
            "is_superuser": "0",
            "is_staff": "0",
            "is_active": "1",
            "date_joined": "2022-01-01T00:00:00Z"
        }
    },
    {
        "model": "users.user",
        "pk": "104",
        "fields": {
            "username": "angry",
            "email": "angry@yamdb.fake",
            "role": "moderator",
            "bio": "",
            "first_name": "",
            "last_name": "",
            "password": "",
            "is_superuser": "0",
            "is_staff": "0",
            "is_active": "1",
            "date_joined": "2022-01-01T00:00:00Z"
        }
    },
    {
        "model": "reviews.category",
        "pk": "1",
        "fields": {
            "name": "\u0424\u0438\u043b\u044c\u043c",
            "slug": "movie"
        }
    },
    {
        "model": "reviews.category",
        "pk": "2",
        "fields": {
            "name": "\u041a\u043d\u0438\u0433\u0430",
            "slug": "book"
        }
    },
    {
        "model": "reviews.category",
        "pk": "3",
        "fields": {
            "name": "\u041c\u0443\u0437\u044b\u043a\u0430",
            "slug": "music"
        }
    },
    {
        "model": "reviews.genre",
        "pk": "1",
        "fields": {
            "name": "\u0414\u0440\u0430\u043c\u0430",
            "slug": "drama"
        }
    },
    {
        "model": "reviews.genre",
        "pk": "2",
        "fields": {
            "name": "\u041a\u043e\u043c\u0435\u0434\u0438\u044f",
            "slug": "comedy"
        }
    },
    {
        "model": "reviews.genre",
        "pk": "3",
        "fields": {
            "name": "\u0412\u0435\u0441\u0442\u0435\u0440\u043d",
            "slug": "western"
        }
    },
    {
        "model": "reviews.genre",
        "pk": "4",
        "fields": {
            "name": "\u0424\u044d\u043d\u0442\u0435\u0437\u0438",
            "slug": "fantasy"
        }
    },
    {
        "model": "reviews.genre",
        "pk": "5",
        "fields": {
            "name": "\u0424\u0430\u043d\u0442\u0430\u0441\u0442\u0438\u043a\u0430",
            "slug": "sci-fi"
        }
    },
    {
        "model": "reviews.genre",
        "pk": "6",
        "fields": {
            "name": "\u0414\u0435\u0442\u0435\u043a\u0442\u0438\u0432",
            "slug": "detective"
        }
    },
    {
        "model": "reviews.genre",
        "pk": "7",
        "fields": {
            "name": "\u0422\u0440\u0438\u043b\u043b\u0435\u0440",
            "slug": "thriller"
        }
    },
    {
        "model": "reviews.genre",
        "pk": "8",
        "fields": {
            "name": "\u0421\u043a\u0430\u0437\u043a\u0430",
            "slug": "tale"
        }
    },
    {
        "model": "reviews.genre",
        "pk": "9",
        "fields": {
            "name": "\u0413\u043e\u043d\u0437\u043e",
            "slug": "gonzo"
        }
    },
    {
        "model": "reviews.genre",
        "pk": "10",
        "fields": {
            "name": "\u0420\u043e\u043c\u0430\u043d",
            "slug": "roman"
        }
    },
    {
        "model": "reviews.genre",
        "pk": "11",
        "fields": {
            "name": "\u0411\u0430\u043b\u043b\u0430\u0434\u0430",
            "slug": "ballad"
        }
    },
    {
        "model": "reviews.genre",
        "pk": "12",
        "fields": {
            "name": "Rock-n-roll",
            "slug": "rock-n-roll"
        }
    },
    {
        "model": "reviews.genre",
        "pk": "13",
        "fields": {
            "name": "\u041a\u043b\u0430\u0441\u0441\u0438\u043a\u0430",
            "slug": "classical"
        }
    },
    {
        "model": "reviews.genre",
        "pk": "14",
        "fields": {
            "name": "\u0420\u043e\u043a",
            "slug": "rock"
        }
    },
    {
        "model": "reviews.genre",
        "pk": "15",
        "fields": {
            "name": "\u0428\u0430\u043d\u0441\u043e\u043d",
            "slug": "chanson"
        }
    },
    {
        "model": "reviews.title",
        "pk": "1",
        "fields": {
            "name": "\u041f\u043e\u0431\u0435\u0433 \u0438\u0437 \u0428\u043e\u0443\u0448\u0435\u043d\u043a\u0430",
            "year": "1994",
            "category_id": "1"
        }
    },
    {
        "model": "reviews.title",
        "pk": "2",
        "fields": {
            "name": "\u041a\u0440\u0435\u0441\u0442\u043d\u044b\u0439 \u043e\u0442\u0435\u0446",
            "year": "1972",
            "category_id": "1"
        }
    },
    {
        "model": "reviews.title",
        "pk": "3",
        "fields": {
            "name": "12 \u0440\u0430\u0437\u0433\u043d\u0435\u0432\u0430\u043d\u043d\u044b\u0445 \u043c\u0443\u0436\u0447\u0438\u043d",
            "year": "1957",
            "category_id": "1"
        }
    },
    {
        "model": "reviews.title",
        "pk": "4",
        "fields": {
            "name": "\u0421\u043f\u0438\u0441\u043e\u043a \u0428\u0438\u043d\u0434\u043b\u0435\u0440\u0430",
            "year": "1993",
            "category_id": "1"
        }
    },
    {
        "model": "reviews.title",
        "pk": "5",
        "fields": {
            "name": "\u041a\u0440\u0438\u043c\u0438\u043d\u0430\u043b\u044c\u043d\u043e\u0435 \u0447\u0442\u0438\u0432\u043e",
            "year": "1994",
            "category_id": "1"
        }
    },
    {
        "model": "reviews.title",
        "pk": "6",
        "fields": {
            "name": "\u0425\u043e\u0440\u043e\u0448\u0438\u0439, \u043f\u043b\u043e\u0445\u043e\u0439, \u0437\u043b\u043e\u0439",
            "year": "1966",
            "category_id": "1"
        }
    },
    {
        "model": "reviews.title",
        "pk": "7",
        "fields": {
            "name": "\u0412\u043b\u0430\u0441\u0442\u0435\u043b\u0438\u043d \u043a\u043e\u043b\u0435\u0446: \u0411\u0440\u0430\u0442\u0441\u0442\u0432\u043e \u043a\u043e\u043b\u044c\u0446\u0430",
            "year": "2001",
            "category_id": "1"
        }
    },
    {
        "model": "reviews.title",
        "pk": "8",
        "fields": {
            "name": "\u0411\u043e\u0439\u0446\u043e\u0432\u0441\u043a\u0438\u0439 \u043a\u043b\u0443\u0431",
            "year": "1999",
            "category_id": "1"
        }
    },
    {
        "model": "reviews.title",
        "pk": "9",
        "fields": {
            "name": "\u0424\u043e\u0440\u0440\u0435\u0441\u0442 \u0413\u0430\u043c\u043f",
            "year": "1994",
            "category_id": "1"
        }
    },
    {
        "model": "reviews.title",
        "pk": "10",
        "fields": {
            "name": "\u0417\u0432\u0451\u0437\u0434\u043d\u044b\u0435 \u0432\u043e\u0439\u043d\u044b. \u042d\u043f\u0438\u0437\u043e\u0434 5: \u0418\u043c\u043f\u0435\u0440\u0438\u044f \u043d\u0430\u043d\u043e\u0441\u0438\u0442 \u043e\u0442\u0432\u0435\u0442\u043d\u044b\u0439 \u0443\u0434\u0430\u0440",
            "year": "1980",
            "category_id": "1"
        }
    },
    {
        "model": "reviews.title",
        "pk": "11",
        "fields": {
            "name": "\u0412\u043b\u0430\u0441\u0442\u0435\u043b\u0438\u043d \u043a\u043e\u043b\u0435\u0446: \u0414\u0432\u0435 \u043a\u0440\u0435\u043f\u043e\u0441\u0442\u0438",
            "year": "2002",
            "category_id": "1"
        }
    },
    {
        "model": "reviews.title",
        "pk": "12",
        "fields": {
            "name": "\u041c\u0430\u0442\u0440\u0438\u0446\u0430",
            "year": "1999",
            "category_id": "1"
        }
    },
    {
        "model": "reviews.title",
        "pk": "13",
        "fields": {
            "name": "\u041f\u0440\u043e\u043b\u0435\u0442\u0430\u044f \u043d\u0430\u0434 \u0433\u043d\u0435\u0437\u0434\u043e\u043c \u043a\u0443\u043a\u0443\u0448\u043a\u0438",
            "year": "1975",
            "category_id": "1"
        }
    },
    {
        "model": "reviews.title",
        "pk": "14",
        "fields": {
            "name": "\u041d\u0430\u0437\u0430\u0434 \u0432 \u0431\u0443\u0434\u0443\u0449\u0435\u0435",
            "year": "1985",
            "category_id": "1"
        }
    },
    {
        "model": "reviews.title",
        "pk": "15",
        "fields": {
            "name": "\u041e\u043f\u0435\u0440\u0430\u0446\u0438\u044f \u00ab\u042b\u00bb \u0438 \u0434\u0440\u0443\u0433\u0438\u0435 \u043f\u0440\u0438\u043a\u043b\u044e\u0447\u0435\u043d\u0438\u044f \u0428\u0443\u0440\u0438\u043a\u0430",
            "year": "1965",
            "category_id": "1"
        }
    },
    {
        "model": "reviews.title",
        "pk": "16",
        "fields": {
            "name": "\u041a\u0430\u0440\u0442\u044b, \u0434\u0435\u043d\u044c\u0433\u0438, \u0434\u0432\u0430 \u0441\u0442\u0432\u043e\u043b\u0430",
            "year": "1998",
            "category_id": "1"
        }
    },
    {
        "model": "reviews.title",
        "pk": "17",
        "fields": {
            "name": "\u0414\u0436\u0435\u043d\u0442\u043b\u044c\u043c\u0435\u043d\u044b \u0443\u0434\u0430\u0447\u0438 ",
            "year": "1971",
            "category_id": "1"
        }
    },
    {
        "model": "reviews.title",
        "pk": "18",
        "fields": {
            "name": "\u0414\u0436\u0430\u043d\u0433\u043e \u043e\u0441\u0432\u043e\u0431\u043e\u0436\u0434\u0435\u043d\u043d\u044b\u0439",
            "year": "2012",
            "category_id": "1"
        }
    },
    {
        "model": "reviews.title",
        "pk": "19",
        "fields": {
            "name": "Generation \u041f",
            "year": "2011",
            "category_id": "1"
        }
    },
    {
        "model": "reviews.title",
        "pk": "20",
        "fields": {
            "name": "\u041a\u043e\u043b\u043e\u0431\u043e\u043a",
            "year": "1873",
            "category_id": "2"
        }
    },
    {
        "model": "reviews.title",
        "pk": "21",
        "fields": {
            "name": "\u0421\u0442\u0440\u0430\u0445 \u0438 \u043d\u0435\u043d\u0430\u0432\u0438\u0441\u0442\u044c \u0432 \u041b\u0430\u0441-\u0412\u0435\u0433\u0430\u0441\u0435",
            "year": "1971",
            "category_id": "2"
        }
    },
    {
        "model": "reviews.title",
        "pk": "22",
        "fields": {
            "name": "\u0412\u043e\u0439\u043d\u0430 \u0438 \u043c\u0438\u0440",
            "year": "1865",
            "category_id": "2"
        }
    },
    {
        "model": "reviews.title",
        "pk": "23",
        "fields": {
            "name": "\u0423\u043b\u0438\u0441\u0441",
            "year": "1918",
            "category_id": "2"
        }
    },
    {
        "model": "reviews.title",
        "pk": "24",
        "fields": {
            "name": "Generation \u041f",
            "year": "1999",
            "category_id": "2"
        }
    },
    {
        "model": "reviews.title",
        "pk": "25",
        "fields": {
            "name": "\u0412\u0438\u043d\u043d\u0438 \u041f\u0443\u0445 \u0438 \u0432\u0441\u0435-\u0432\u0441\u0435-\u0432\u0441\u0435",
            "year": "1926",
            "category_id": "2"
        }
    },
    {
        "model": "reviews.title",
        "pk": "26",
        "fields": {
            "name": "\u0421\u0442\u0430\u0441 \u041c\u0438\u0445\u0430\u0439\u043b\u043e\u0432 - \u041f\u043e\u0437\u044b\u0432\u043d\u044b\u0435 \u043d\u0430 \u043b\u044e\u0431\u043e\u0432\u044c",
            "year": "2004",
            "category_id": "3"
        }
    },
    {
        "model": "reviews.title",
        "pk": "27",
        "fields": {
            "name": "Led Zeppelin \u2014 Stairway to Heaven",
            "year": "1971",
            "category_id": "3"
        }
    },
    {
        "model": "reviews.title",
        "pk": "28",
        "fields": {
            "name": "Jethro Tull - Aqualung",
            "year": "1971",
            "category_id": "3"
        }
    },
    {
        "model": "reviews.title",
        "pk": "29",
        "fields": {
            "name": "Elvis Presley - Blue Suede Shoes",
            "year": "1955",
            "category_id": "3"
        }
    },
    {
        "model": "reviews.title",
        "pk": "30",
        "fields": {
            "name": "Deep Purple \u2014 Smoke on the Water",
            "year": "1971",
            "category_id": "3"
        }
    },
    {
        "model": "reviews.title",
        "pk": "31",
        "fields": {
            "name": "\u041c\u043e\u0446\u0430\u0440\u0442 - \u0422\u0443\u0440\u0435\u0446\u043a\u0438\u0439 \u043c\u0430\u0440\u0448",
            "year": "1784",
            "category_id": "3"
        }
    },
    {
        "model": "reviews.title",
        "pk": "32",
        "fields": {
            "name": "\u0411\u0430\u0445. \u041e\u0440\u043a\u0435\u0441\u0442\u0440\u043e\u0432\u0430\u044f \u0421\u044e\u0438\u0442\u0430 \u21162 \u0441\u0438 \u043c\u0438\u043d\u043e\u0440",
            "year": "1739",
            "category_id": "3"
        }
    },
    {
        "model": "reviews.review",
        "pk": "1",
        "fields": {
            "title_id": "1",
            "text": "\u0421\u0442\u0430\u0432\u043b\u044e \u0434\u0435\u0441\u044f\u0442\u044c \u0437\u0432\u0451\u0437\u0434!...\u042d\u0442\u0438 \u0433\u043e\u043b\u043e\u0441\u0430 \u0431\u044b\u043b\u0438 \u0447\u0438\u0449\u0435 \u0438 \u0441\u0432\u0435\u0442\u043b\u0435\u0435 \u0442\u0435\u0445, \u043e \u043a\u043e\u0442\u043e\u0440\u044b\u0445 \u043c\u0435\u0447\u0442\u0430\u043b\u0438 \u0432 \u044d\u0442\u043e\u043c \u0441\u0435\u0440\u043e\u043c, \u0443\u0431\u043e\u0433\u043e\u043c \u043c\u0435\u0441\u0442\u0435. \u041a\u0430\u043a \u0431\u0443\u0434\u0442\u043e \u0434\u0432\u0435 \u043f\u0442\u0438\u0447\u043a\u0438 \u0432\u043b\u0435\u0442\u0435\u043b\u0438 \u0438 \u0441\u0432\u043e\u0438\u043c\u0438 \u0433\u043e\u043b\u043e\u0441\u0430\u043c\u0438 \u0440\u0430\u0437\u0432\u0435\u044f\u043b\u0438 \u0441\u0442\u0435\u043d\u044b \u043d\u0430\u0448\u0438\u0445 \u043a\u043b\u0435\u0442\u043e\u043a, \u0438 \u043d\u0430 \u043a\u043e\u0440\u043e\u0442\u043a\u0438\u0439 \u043c\u0438\u0433 \u043a\u0430\u0436\u0434\u044b\u0439 \u0447\u0435\u043b\u043e\u0432\u0435\u043a \u0432 \u0428\u043e\u0443\u0448\u0435\u043d\u043a\u0435 \u043f\u043e\u0447\u0443\u0432\u0441\u0442\u0432\u043e\u0432\u0430\u043b \u0441\u0435\u0431\u044f \u0441\u0432\u043e\u0431\u043e\u0434\u043d\u044b\u043c.",
            "author_id": "100",
            "score": "10",
            "pub_date": "2019-09-24T21:08:21.567Z"
        }
    },
    {
        "model": "reviews.review",
        "pk": "2",
        "fields": {
            "title_id": "1",
            "text": "\u041d\u0435 \u043f\u0440\u0438\u0432\u044b\u043a\u0430\u0439 \u00ab\u042d\u0442\u0438 \u0441\u0442\u0435\u043d\u044b \u0438\u043c\u0435\u044e\u0442 \u043e\u0434\u043d\u043e \u0441\u0432\u043e\u0439\u0441\u0442\u0432\u043e: \u0441\u043d\u0430\u0447\u0430\u043b\u0430 \u0442\u044b \u0438\u0445 \u043d\u0435\u043d\u0430\u0432\u0438\u0434\u0438\u0448\u044c, \u043f\u043e\u0442\u043e\u043c \u043f\u0440\u0438\u0432\u044b\u043a\u0430\u0435\u0448\u044c, \u0430 \u043f\u043e\u0442\u043e\u043c \u043d\u0435 \u043c\u043e\u0436\u0435\u0448\u044c \u0431\u0435\u0437 \u043d\u0438\u0445 \u0436\u0438\u0442\u044c\u00bb",
            "author_id": "101",
            "score": "10",
            "pub_date": "2019-09-24T21:08:21.567Z"
        }
    },
    {
        "model": "reviews.review",
        "pk": "3",
        "fields": {
            "title_id": "2",
            "text": "\u0424\u0438\u043b\u044c\u043c, \u0440\u0430\u0437\u043e\u0431\u0440\u0430\u043d\u043d\u044b\u0439 \u043d\u0430 \u0446\u0438\u0442\u0430\u0442\u044b, \u0434\u043e\u0441\u0442\u043e\u0438\u043d \u0432\u044b\u0441\u0448\u0435\u0439 \u043e\u0446\u0435\u043d\u043a\u0438. \u0414\u0435\u0441\u044f\u0442\u044c \u0441 \u043f\u043b\u044e\u0441\u043e\u043c (\u0436\u0430\u043b\u044c, \u0442\u0443\u0442 \u043f\u043b\u044e\u0441\u0430 \u043d\u0435\u0442) \"\u0422\u044b \u043f\u0440\u0438\u0448\u0435\u043b \u0438 \u0433\u043e\u0432\u043e\u0440\u0438\u0448\u044c: \"\u0414\u043e\u043d \u041a\u043e\u0440\u043b\u0435\u043e\u043d\u0435, \u043c\u043d\u0435 \u043d\u0443\u0436\u043d\u0430 \u0441\u043f\u0440\u0430\u0432\u0435\u0434\u043b\u0438\u0432\u043e\u0441\u0442\u044c\". \u041d\u043e \u0442\u044b \u043f\u0440\u043e\u0441\u0438\u0448\u044c \u0431\u0435\u0437 \u0443\u0432\u0430\u0436\u0435\u043d\u0438\u044f, \u0442\u044b \u043d\u0435 \u043f\u0440\u0435\u0434\u043b\u0430\u0433\u0430\u0435\u0448\u044c \u0434\u0440\u0443\u0436\u0431\u0443, \u0442\u044b \u0434\u0430\u0436\u0435 \u043d\u0435 \u043d\u0430\u0437\u0432\u0430\u043b \u043c\u0435\u043d\u044f \u041a\u0440\u0435\u0441\u0442\u043d\u044b\u043c \u041e\u0442\u0446\u043e\u043c.\"",
            "author_id": "102",
            "score": "10",
            "pub_date": "2019-09-24T21:08:21.567Z"
        }
    },
    {
        "model": "reviews.review",
        "pk": "4",
        "fields": {
            "title_id": "2",
            "text": "\u0416\u0435\u0441\u0442\u043e\u043a\u0438\u0439, \u0436\u0435\u0441\u0442\u043e\u043a\u0438\u0439, \u0436\u0435\u0441\u0442\u043e\u043a\u0438\u0439 \u043c\u0438\u0440, \u043d\u0435 \u043e \u0442\u0430\u043a\u043e\u043c \u043c\u0435\u0447\u0442\u0430\u043b\u0438 \u043c\u044b \u0432 \u0434\u0435\u0442\u0441\u0442\u0432\u0435!!111***\u041e\u0442\u0435\u0446 \u0441\u0434\u0435\u043b\u0430\u043b \u0435\u043c\u0443 \u043f\u0440\u0435\u0434\u043b\u043e\u0436\u0435\u043d\u0438\u0435, \u043e\u0442 \u043a\u043e\u0442\u043e\u0440\u043e\u0433\u043e \u043e\u043d \u043d\u0435 \u0441\u043c\u043e\u0433 \u043e\u0442\u043a\u0430\u0437\u0430\u0442\u044c\u0441\u044f. \u041b\u0443\u043a\u0430 \u0411\u0440\u0430\u0437\u0438 \u0434\u0435\u0440\u0436\u0430\u043b \u043f\u0438\u0441\u0442\u043e\u043b\u0435\u0442 \u0443 \u0435\u0433\u043e \u0432\u0438\u0441\u043a\u0430, \u0438 \u043e\u0442\u0435\u0446 \u043f\u0440\u0435\u0434\u043b\u043e\u0436\u0438\u043b \u0432\u044b\u0431\u043e\u0440: \u043b\u0438\u0431\u043e \u043d\u0430 \u043a\u043e\u043d\u0442\u0440\u0430\u043a\u0442\u0435 \u043c\u043e\u0437\u0433\u0438, \u043b\u0438\u0431\u043e \u043f\u043e\u0434\u043f\u0438\u0441\u044c.***",
            "author_id": "103",
            "score": "1",
            "pub_date": "2019-09-24T21:08:21.567Z"
        }
    },
    {
        "model": "reviews.review",
        "pk": "5",
        "fields": {
            "title_id": "2",
            "text": "\u042d\u0442\u043e \u043c\u043e\u0438 \u0441\u043e\u0441\u0435\u0434\u0438! \u0421\u0442\u0430\u0432\u043b\u044e \u0442\u0440\u0438 \u0437\u0432\u0435\u0437\u0434\u044b \u0437\u0430 \u0442\u043e, \u0447\u0442\u043e \u043e\u043d\u0438 \u0434\u0432\u0430\u0436\u0434\u044b \u043e\u0442\u0434\u0430\u0432\u0438\u043b\u0438 \u043c\u043d\u0435 \u043e\u043a\u043d\u043e\u043c \u043f\u0430\u043b\u044c\u0446\u044b:\u2014 \u0412\u044b \u0436\u0438\u0432\u0451\u0442\u0435 \u0432 \u043f\u043b\u043e\u0445\u043e\u043c \u0440\u0430\u0439\u043e\u043d\u0435? \u2014 \u041d\u0435 \u0442\u043e \u0441\u043b\u043e\u0432\u043e. \u041e\u0434\u043d\u0430\u0436\u0434\u044b \u0441 \u043d\u0430\u0448\u0435\u0439 \u0443\u043b\u0438\u0446\u044b \u0443\u0433\u043d\u0430\u043b\u0438 \u043f\u043e\u043b\u0438\u0446\u0435\u0439\u0441\u043a\u0443\u044e \u043c\u0430\u0448\u0438\u043d\u0443 \u0441 \u0434\u0432\u0443\u043c\u044f \u043f\u043e\u043b\u0438\u0446\u0435\u0439\u0441\u043a\u0438\u043c\u0438. \u0412 \u0434\u043e\u043c \u0432\u0441\u0451 \u0432\u0440\u0435\u043c\u044f \u043b\u0435\u0437\u0443\u0442 \u0432\u043e\u0440\u044b. \u041a\u0430\u0436\u0434\u044b\u0439 \u0440\u0430\u0437, \u043a\u0430\u043a \u044f \u043f\u044b\u0442\u0430\u044e\u0441\u044c \u0437\u0430\u043a\u0440\u044b\u0442\u044c \u043e\u043a\u043d\u043e, \u043f\u0440\u0438\u0449\u0435\u043c\u043b\u044f\u044e \u043a\u043e\u043c\u0443-\u043d\u0438\u0431\u0443\u0434\u044c \u043f\u0430\u043b\u044c\u0446\u044b.",
            "author_id": "104",
            "score": "3",
            "pub_date": "2019-09-24T21:08:21.567Z"
        }
    },
    {
        "model": "reviews.review",
        "pk": "16",
        "fields": {
            "title_id": "3",
            "text": "\u0421\u0445\u043e\u0434\u0438\u043b\u0430 \u0432 \u043a\u0438\u043d\u043e, \u0440\u0435\u0448\u0438\u043b\u0430 \u043d\u0430\u043f\u0438\u0441\u0430\u0442\u044c: \u0434\u0440\u0430\u0439\u0432 \u0438 \u043e\u0433\u043e\u043d\u044c, \u043d\u043e \u0438\u043d\u043e\u0433\u0434\u0430 \u043a\u0430\u043a\u043e\u0439-\u0442\u043e \u0431\u0440\u0435\u0434 \u043d\u0430 \u044d\u043a\u0440\u0430\u043d\u0435. \u0412 \u0441\u0435\u0440\u0435\u0434\u0438\u043d\u0435 \u0444\u0438\u043b\u044c\u043c\u0430 \u043f\u0440\u043e\u0441\u0442\u043e \u043e\u0442\u043b\u0438\u0447\u043d\u044b\u0435 \u0434\u0438\u0430\u043b\u043e\u0433\u0438! \u041f\u0443\u0441\u0442\u044c \u0431\u0443\u0434\u0435\u0442 7",
            "author_id": "100",
            "score": "7",
            "pub_date": "2019-09-24T21:08:21.567Z"
        }
    },
    {
        "model": "reviews.review",
        "pk": "17",
        "fields": {
            "title_id": "3",
            "text": "\u0421\u043c\u043e\u0442\u0440\u0435\u043b, \u043d\u0435 \u043e\u0442\u0440\u044b\u0432\u0430\u044f\u0441\u044c, \u0445\u043e\u0447\u0443 \u043e\u043f\u0438\u0441\u0430\u0442\u044c \u0441\u0432\u043e\u0438 \u0432\u043f\u0435\u0447\u0430\u0442\u043b\u0435\u043d\u0438\u044f. \u041f\u043e \u043c\u043e\u0435\u043c\u0443 \u043c\u043d\u0435\u043d\u0438\u044e, \u0441\u0446\u0435\u043d\u0430\u0440\u0438\u0439 \u043f\u043e\u0434\u043a\u0430\u0447\u0430\u043b, \u0437\u0430\u0442\u043e \u043f\u043e\u0434\u0431\u043e\u0440 \u0430\u043a\u0442\u0451\u0440\u043e\u0432 - \u0441\u0443\u043f\u0435\u0440. \u041d\u0430\u0447\u0430\u043b\u043e \u043d\u0435\u043c\u043d\u043e\u0433\u043e \u0437\u0430\u0442\u044f\u043d\u0443\u0442\u043e. \u041e\u043f\u0435\u0440\u0430\u0442\u043e\u0440\u0443 - \u041e\u0441\u043a\u0430\u0440\u0430! \u0412\u0441\u0451 \u043e\u0441\u0442\u0430\u043b\u044c\u043d\u043e\u0435 - \u043d\u0435 \u043e\u0447\u0435\u043d\u044c. \u0424\u0438\u043b\u044c\u043c \u0442\u044f\u043d\u0435\u0442 \u043d\u0430 8 \u0438\u0437 10",
            "author_id": "101",
            "score": "8",
            "pub_date": "2019-09-24T21:08:21.567Z"
        }
    },
    {
        "model": "reviews.review",
        "pk": "18",
        "fields": {
            "title_id": "4",
            "text": "\u0421\u043a\u0430\u0447\u0430\u043b, \u043f\u043e\u0441\u043c\u043e\u0442\u0440\u0435\u043b, \u0434\u0443\u043c\u0430\u044e, \u0447\u0442\u043e \u0430\u043a\u0442\u0451\u0440\u044b \u0442\u0430\u043a \u0441\u0435\u0431\u0435, \u0441\u0446\u0435\u043d\u0430\u0440\u0438\u0439 \u0445\u043e\u0440\u043e\u0448\u0438\u0439. \u0414\u0438\u0430\u043b\u043e\u0433\u0438 \u043f\u0440\u0435\u043a\u0440\u0430\u0441\u043d\u044b\u0435, \u0442\u0430\u043a \u0447\u0442\u043e \u043f\u0443\u0441\u0442\u044c \u0431\u0443\u0434\u0435\u0442 \u0432\u043e\u0441\u0435\u043c\u044c \u0437\u0432\u0435\u0437\u0434",
            "author_id": "102",
            "score": "8",
            "pub_date": "2019-09-24T21:08:21.567Z"
        }
    },
    {
        "model": "reviews.review",
        "pk": "19",
        "fields": {
            "title_id": "4",
            "text": "\u041f\u043e\u0441\u043c\u043e\u0442\u0440\u0435\u043b. \u041f\u043e \u043c\u043e\u0435\u043c\u0443 \u043c\u043d\u0435\u043d\u0438\u044e, \u0430\u043a\u0442\u0451\u0440\u044b \u0442\u0430\u043a \u0441\u0435\u0431\u0435, \u043d\u043e \u0441\u0446\u0435\u043d\u0430\u0440\u0438\u0439 \u0445\u043e\u0440\u043e\u0448\u0438\u0439. \u041f\u0435\u0440\u0432\u0443\u044e \u043f\u043e\u043b\u043e\u0432\u0438\u043d\u0443 \u0444\u0438\u043b\u044c\u043c\u0430 \u043c\u043e\u0436\u043d\u043e \u0441\u043f\u0430\u0442\u044c, \u043d\u0435 \u043e\u043f\u0430\u0441\u0430\u044f\u0441\u044c, \u0447\u0442\u043e \u0447\u0442\u043e-\u0442\u043e \u043f\u0440\u043e\u043f\u0443\u0441\u0442\u0438\u0448\u044c. \u041d\u0435 \u0440\u0430\u0437\u0434\u0443\u043c\u044b\u0432\u0430\u044f, \u0441\u0442\u0430\u0432\u043b\u044e \u0443\u0432\u0435\u0440\u0435\u043d\u043d\u0443\u044e \u0434\u0435\u0441\u044f\u0442\u043a\u0443",
            "author_id": "103",
            "score": "10",
            "pub_date": "2019-09-24T21:08:21.567Z"
        }
    },
    {
        "model": "reviews.review",
        "pk": "6",
        "fields": {
            "title_id": "5",
            "text": "\u0412\u0441\u0451, \u043a\u0430\u043a \u0432 \u0440\u0430\u0437\u043d\u044b\u0445 \u044f\u0437\u044b\u043a\u0430\u0445 \u043f\u0440\u043e\u0433\u0440\u0430\u043c\u043c\u0438\u0440\u043e\u0432\u0430\u043d\u0438\u044f! \u0412 \u043e\u0441\u043d\u043e\u0432\u043d\u043e\u043c \u2014 \u043f\u043e\u0445\u043e\u0436\u0435, \u043d\u043e \u0432\u043e\u0442 \u044d\u0442\u0438 \u043c\u0430\u043b\u0435\u043d\u044c\u043a\u0438\u0435 \u0440\u0430\u0437\u043b\u0438\u0447\u0438\u044f \u0432\u044b\u0432\u043e\u0434\u044f\u0442 \u0438\u0437 \u0441\u0435\u0431\u044f. \u0412\u0435\u043b\u0438\u043a\u0438\u0439 \u0444\u0438\u043b\u044c\u043c \u043d\u0430 \u0432\u0441\u0435 \u0441\u043b\u0443\u0447\u0430\u0438 \u0436\u0438\u0437\u043d\u0438!=====================================================\u2014 \u0410 \u0437\u043d\u0430\u0435\u0448\u044c, \u043a\u0430\u043a \u0432 \u041f\u0430\u0440\u0438\u0436\u0435 \u043d\u0430\u0437\u044b\u0432\u0430\u044e\u0442 \u0447\u0435\u0442\u0432\u0435\u0440\u0442\u044c\u0444\u0443\u043d\u0442\u043e\u0432\u044b\u0439 \u0447\u0438\u0437\u0431\u0443\u0440\u0433\u0435\u0440?\u2014 \u0427\u0442\u043e, \u043e\u043d\u0438 \u043d\u0435 \u0437\u043e\u0432\u0443\u0442 \u0435\u0433\u043e \u0447\u0435\u0442\u0432\u0435\u0440\u0442\u044c\u0444\u0443\u043d\u0442\u043e\u0432\u044b\u0439 \u0447\u0438\u0437\u0431\u0443\u0440\u0433\u0435\u0440?\u2014 \u0423 \u043d\u0438\u0445 \u0442\u0430\u043c \u043c\u0435\u0442\u0440\u0438\u0447\u0435\u0441\u043a\u0430\u044f \u0441\u0438\u0441\u0442\u0435\u043c\u0430. \u041e\u043d\u0438 \u0432\u043e\u043e\u0431\u0449\u0435 \u0442\u0430\u043c \u043d\u0435 \u043f\u043e\u043d\u0438\u043c\u0430\u044e\u0442, \u0447\u0442\u043e \u0437\u0430 \u0445\u0440\u0435\u043d \u0447\u0435\u0442\u0432\u0435\u0440\u0442\u044c \u0444\u0443\u043d\u0442\u0430.\u2014 \u0418 \u043a\u0430\u043a \u043e\u043d\u0438 \u0435\u0433\u043e \u0437\u043e\u0432\u0443\u0442?\u2014 \u041e\u043d\u0438 \u0437\u043e\u0432\u0443\u0442 \u0435\u0433\u043e \u00ab\u0420\u043e\u044f\u043b \u0447\u0438\u0437\u0431\u0443\u0440\u0433\u0435\u0440\u00bb.\u2014 \u00ab\u0420\u043e\u044f\u043b \u0447\u0438\u0437\u0431\u0443\u0440\u0433\u0435\u0440\u00bb? \u0410 \u043a\u0430\u043a \u0436\u0435 \u0442\u043e\u0433\u0434\u0430 \u043e\u043d\u0438 \u0437\u043e\u0432\u0443\u0442 \u00ab\u0411\u0438\u0433 \u041c\u0430\u043a\u00bb?\u2014 \u00ab\u0411\u0438\u0433 \u041c\u0430\u043a\u00bb \u044d\u0442\u043e \u00ab\u0411\u0438\u0433 \u041c\u0430\u043a\u00bb, \u0442\u043e\u043b\u044c\u043a\u043e \u043e\u043d\u0438 \u043d\u0430\u0437\u044b\u0432\u0430\u044e\u0442 \u0435\u0433\u043e \u00ab\u041b\u0451 \u0411\u0438\u0433 \u041c\u0430\u043a\u00bb.",
            "author_id": "100",
            "score": "8",
            "pub_date": "2019-09-24T21:08:21.567Z"
        }
    },
    {
        "model": "reviews.review",
        "pk": "7",
        "fields": {
            "title_id": "5",
            "text": "\u041d\u0438\u0447\u0435\u0433\u043e \u043d\u0435 \u043f\u043e\u043d\u044f\u0442\u043d\u043e. \u041e\u043d\u0438 \u0442\u0430\u043c \u0447\u0442\u043e, \u0441\u0442\u0440\u0430\u043d\u0438\u0446\u044b \u0441\u0446\u0435\u043d\u0430\u0440\u0438\u044f \u043f\u0435\u0440\u0435\u043f\u0443\u0442\u0430\u043b\u0438? \u0415\u0433\u043e \u0441\u043f\u0435\u0440\u0432\u0430 \u0443\u0431\u0438\u043b\u0438, \u0430 \u043f\u043e\u0442\u043e\u043c \u043e\u043d \u043e\u043f\u044f\u0442\u044c \u0436\u0438\u0432, \u0430 \u043e\u043d\u0438 \u0441\u043f\u0435\u0440\u0432\u0430 \u0432 \u0444\u0443\u0442\u0431\u043e\u043b\u043a\u0430\u0445, \u043f\u043e\u0442\u043e\u043c \u0432 \u043a\u043e\u0441\u0442\u044e\u043c\u0430\u0445, \u0430 \u043f\u043e\u0442\u043e\u043c \u043e\u043f\u044f\u0442\u044c \u0432 \u0444\u0443\u0442\u0431\u043e\u043b\u043a\u0430\u0445. \u0415\u0440\u0443\u043d\u0434\u0430 \u043f\u043e\u043b\u043d\u0430\u044f",
            "author_id": "101",
            "score": "1",
            "pub_date": "2019-09-24T21:08:21.567Z"
        }
    },
    {
        "model": "reviews.review",
        "pk": "8",
        "fields": {
            "title_id": "5",
            "text": "\u041e\u0447\u0435\u043d\u044c \u043f\u043e\u0443\u0447\u0438\u0442\u0435\u043b\u044c\u043d\u044b\u0439 \u0444\u0438\u043b\u044c\u043c \u043e \u0442\u043e\u043c, \u0447\u0442\u043e \u0442\u0430\u043a\u043e\u0435 \u0445\u043e\u0440\u043e\u0448\u043e, \u0447\u0442\u043e \u0442\u0430\u043a\u043e\u0435 \u043f\u043b\u043e\u0445\u043e \u0438 \u043f\u043e\u0447\u0435\u043c\u0443 \u043d\u0435 \u043d\u0430\u0434\u043e \u0447\u0438\u0442\u0430\u0442\u044c \u0432 \u0442\u0443\u0430\u043b\u0435\u0442\u0435.\u0422\u0432\u0435\u0440\u0434\u0430\u044f \u0432\u043e\u0441\u044c\u043c\u0451\u0440\u043a\u0430",
            "author_id": "102",
            "score": "8",
            "pub_date": "2019-09-24T21:08:21.567Z"
        }
    },
    {
        "model": "reviews.review",
        "pk": "9",
        "fields": {
            "title_id": "6",
            "text": "\u041f\u043e\u0441\u043c\u043e\u0442\u0440\u0435\u043b \u0444\u0438\u043b\u044c\u043c. \u2014 \u041d\u0430 \u0441\u0432\u0435\u0442\u0435 \u0435\u0441\u0442\u044c \u0434\u0432\u0430 \u0442\u0438\u043f\u0430 \u043b\u044e\u0434\u0435\u0439: \u0442\u0435, \u043a\u0442\u043e \u043a\u043e\u043f\u0430\u0435\u0442 \u0438 \u0442\u0435, \u0443 \u043a\u043e\u0433\u043e \u0437\u0430\u0440\u044f\u0436\u0435\u043d \u0440\u0435\u0432\u043e\u043b\u044c\u0432\u0435\u0440.\u041f\u043e\u0439\u0434\u0443 \u043a\u043e\u043f\u0430\u0442\u044c, \u043a\u0430\u043a \u0432\u0435\u043b\u0435\u043b \u041a\u043b\u0438\u043d\u0442. \u0414\u0435\u0432\u044f\u0442\u044c \u0431\u0430\u043b\u043b\u043e\u0432.",
            "author_id": "103",
            "score": "9",
            "pub_date": "2019-09-24T21:08:21.567Z"
        }
    },
    {
        "model": "reviews.review",
        "pk": "10",
        "fields": {
            "title_id": "6",
            "text": "\u0412\u0435\u0447\u043d\u0430\u044f \u043f\u0440\u043e\u0431\u043b\u0435\u043c\u0430 \u0432\u0441\u0435\u0445 \u0437\u043b\u043e\u0434\u0435\u0435\u0432, \u0431\u043e\u043b\u0442\u0430\u044e\u0449\u0438\u0445-\u0431\u043e\u043b\u0442\u0430\u044e\u0449\u0438\u0445-\u0431\u043e\u043b\u0442\u0430\u044e\u0449\u0438\u0445 \u0432\u043c\u0435\u0441\u0442\u043e \u0442\u043e\u0433\u043e, \u0447\u0442\u043e\u0431\u044b \u043f\u0440\u043e\u0441\u0442\u043e \u0437\u0430\u0441\u0442\u0440\u0435\u043b\u0438\u0442\u044c \u043f\u0440\u043e\u0442\u0438\u0432\u043d\u0438\u043a\u0430, \u043e\u0434\u043d\u0438\u043c \u043c\u0430\u0445\u043e\u043c \u0440\u0435\u0448\u0435\u043d\u0430 \u0432 \u044d\u0442\u043e\u0439 \u0441\u0446\u0435\u043d\u0435.\u0417\u0430 \u043e\u0434\u043d\u043e \u044d\u0442\u043e \u0444\u0438\u043b\u044c\u043c \u0437\u0430\u0441\u043b\u0443\u0436\u0438\u0432\u0430\u0435\u0442 \u0432\u044b\u0441\u0448\u0435\u0433\u043e \u0431\u0430\u043b\u043b\u0430\"\u041f\u0440\u0438\u0448\u0435\u043b \u0441\u0442\u0440\u0435\u043b\u044f\u0442\u044c - \u0441\u0442\u0440\u0435\u043b\u044f\u0439, \u0430 \u043d\u0435 \u0431\u043e\u043b\u0442\u0430\u0439!\"",
            "author_id": "104",
            "score": "10",
            "pub_date": "2019-09-24T21:08:21.567Z"
        }
    },
    {
        "model": "reviews.review",
        "pk": "21",
        "fields": {
            "title_id": "7",
            "text": "\u0421\u043a\u0430\u0447\u0430\u043b, \u043f\u043e\u0441\u043c\u043e\u0442\u0440\u0435\u043b, \u0434\u0443\u043c\u0430\u044e, \u0447\u0442\u043e \u0441\u0446\u0435\u043d\u0430\u0440\u0438\u0439 \u043f\u043e\u0434\u043a\u0430\u0447\u0430\u043b, \u0437\u0430\u0442\u043e \u043f\u043e\u0434\u0431\u043e\u0440 \u0430\u043a\u0442\u0451\u0440\u043e\u0432 - \u0441\u0443\u043f\u0435\u0440. \u041d\u0430\u0447\u0430\u043b\u043e \u043d\u0435\u043c\u043d\u043e\u0433\u043e \u0437\u0430\u0442\u044f\u043d\u0443\u0442\u043e, \u0434\u0430 \u0438 \u0432\u043e\u043e\u0431\u0449\u0435 \u043d\u0435 \u043e\u0447\u0435\u043d\u044c. \u0424\u0438\u043b\u044c\u043c \u0435\u0434\u0432\u0430 \u0442\u044f\u043d\u0435\u0442 \u043d\u0430 4",
            "author_id": "100",
            "score": "4",
            "pub_date": "2019-09-24T21:08:21.567Z"
        }
    },
    {
        "model": "reviews.review",
        "pk": "20",
        "fields": {
            "title_id": "7",
            "text": "\u0421\u043a\u0430\u0436\u0443 \u0442\u0435\u043c, \u043a\u0442\u043e \u0435\u0449\u0451 \u043d\u0435 \u0441\u043c\u043e\u0442\u0440\u0435\u043b: \u0435\u0441\u043b\u0438 \u0431\u044b \u044f \u0431\u044b\u043b \u0440\u0435\u0436\u0438\u0441\u0441\u0451\u0440\u043e\u043c \u044d\u0442\u043e\u0433\u043e \u0444\u0438\u043b\u044c\u043c\u0430 - \u044f \u0431\u044b \u043d\u0435 \u0433\u043e\u0440\u0434\u0438\u043b\u0441\u044f. \u041e\u043f\u0435\u0440\u0430\u0442\u043e\u0440\u0430 \u0443\u0432\u043e\u043b\u0438\u0442\u044c, \u0444\u0438\u043b\u044c\u043c \u043f\u043e\u043b\u0443\u0447\u0438\u043b\u0441\u044f \u0442\u0430\u043a \u0441\u0435\u0431\u0435, \u043d\u043e \u043e\u0434\u0438\u043d \u0440\u0430\u0437 \u043f\u043e\u0441\u043c\u043e\u0442\u0440\u0435\u0442\u044c - \u0441\u043e\u0439\u0434\u0451\u0442. \u0410\u0432\u0442\u043e\u0440\u044b \u0447\u0435\u0441\u0442\u043d\u043e \u0437\u0430\u0441\u043b\u0443\u0436\u0438\u043b\u0438 5 \u0438\u0437 10",
            "author_id": "104",
            "score": "5",
            "pub_date": "2019-09-24T21:08:21.567Z"
        }
    },
    {
        "model": "reviews.review",
        "pk": "22",
        "fields": {
            "title_id": "8",
            "text": "\u041c\u043d\u0435 \u043a\u0430\u0436\u0435\u0442\u0441\u044f, \u0447\u0442\u043e \u044f \u0432\u043f\u0443\u0441\u0442\u0443\u044e \u043f\u043e\u0442\u0435\u0440\u044f\u043b \u0432\u0440\u0435\u043c\u044f. \u0421\u0442\u0430\u0432\u043b\u044e 2",
            "author_id": "101",
            "score": "2",
            "pub_date": "2019-09-24T21:08:21.567Z"
        }
    },
    {
        "model": "reviews.review",
        "pk": "23",
        "fields": {
            "title_id": "8",
            "text": "\u041f\u043e\u0441\u043c\u043e\u0442\u0440\u0435\u043b\u0430. \u0410\u043a\u0442\u0451\u0440\u044b \u0442\u0430\u043a \u0441\u0435\u0431\u0435, \u0441\u0446\u0435\u043d\u0430\u0440\u0438\u0439 \u0445\u043e\u0440\u043e\u0448\u0438\u0439. \u0423\u0441\u043d\u0443\u043b\u0430 \u043a \u0441\u0435\u0440\u0435\u0434\u0438\u043d\u0435. \u041d\u0435 \u0440\u0430\u0437\u0434\u0443\u043c\u044b\u0432\u0430\u044f, \u0441\u0442\u0430\u0432\u043b\u044e \u0434\u0432\u043e\u0439\u043a\u0443 ",
            "author_id": "102",
            "score": "2",
            "pub_date": "2019-09-24T21:08:21.567Z"
        }
    },
    {
        "model": "reviews.review",
        "pk": "26",
        "fields": {
            "title_id": "9",
            "text": "\u0414\u043b\u044f \u043b\u044e\u0434\u0435\u0439, \u043a\u043e\u0442\u043e\u0440\u044b\u0435 \u0445\u043e\u0442\u044f\u0442 \u043f\u043e\u0441\u043c\u0435\u044f\u0442\u044c\u0441\u044f \u0438 \u043f\u043e\u043b\u0443\u0447\u0438\u0442\u044c \u043c\u043e\u0440\u0435 \u044d\u043c\u043e\u0446\u0438\u0439, \u0442\u043e\u0442 \u0441\u0430\u043c\u044b\u0439 \u0444\u0438\u043b\u044c\u043c. \u041c\u043d\u0435 \u043e\u0447\u0435\u043d\u044c \u043f\u043e\u043d\u0440\u0430\u0432\u0438\u043b\u0441\u044f.",
            "author_id": "100",
            "score": "10",
            "pub_date": "2019-09-24T21:08:21.567Z"
        }
    },
    {
        "model": "reviews.review",
        "pk": "24",
        "fields": {
            "title_id": "9",
            "text": "\u0412\u0441\u0435 \u043e\u0447\u0435\u043d\u044c \u0434\u043e\u043b\u0433\u043e \u0436\u0434\u0430\u043b\u0438 \u043f\u0440\u0435\u043c\u044c\u0435\u0440\u0443 \u0444\u0438\u043b\u044c\u043c\u0430,\u0438 \u043d\u0430\u043a\u043e\u043d\u0435\u0446 \u0434\u043e\u0436\u0434\u0430\u043b\u0438\u0441\u044c.\u0424\u0438\u043b\u044c\u043c \u043e\u0442\u043b\u0438\u0447\u043d\u044b\u0439,\u0434\u043e\u0431\u0440\u044b\u0439,\u0441\u043c\u043e\u0442\u0440\u0438\u0442\u0441\u044f \u043f\u043e\u0447\u0442\u0438 \u043d\u0430 \u043e\u0434\u043d\u043e\u043c \u0434\u044b\u0445\u0430\u043d\u0438\u0438,\u0441 \u0437\u0430\u0432\u044f\u0437\u0430\u043d\u043d\u044b\u043c \u0441\u044e\u0436\u0435\u0442\u043e\u043c \u0438 \u043d\u0435 \u043c\u0435\u043d\u0435\u0435 \u043a\u0440\u0443\u0442\u043e\u0439 \u043c\u0443\u0437\u044b\u043a\u043e\u0439.\u041a\u0438\u043d\u043e \u043e\u0447\u0435\u043d\u044c \u043f\u043e\u043d\u0440\u0430\u0432\u0438\u043b\u043e\u0441\u044c!!!\u0412\u0441\u0435\u043c \u0441\u043e\u0432\u0435\u0442\u0443\u044e.",
            "author_id": "103",
            "score": "10",
            "pub_date": "2019-09-24T21:08:21.567Z"
        }
    },
    {
        "model": "reviews.review",
        "pk": "25",
        "fields": {
            "title_id": "9",
            "text": "\u041e\u0442\u0441\u0442\u043e\u0439-\u0444\u0438\u043b\u044c\u043c. \u041d\u0435 \u0445\u043e\u0434\u0438\u0442\u0435",
            "author_id": "104",
            "score": "1",
            "pub_date": "2019-09-24T21:08:21.567Z"
        }
    },
    {
        "model": "reviews.review",
        "pk": "27",
        "fields": {
            "title_id": "10",
            "text": "\u041f\u0435\u0440\u0432\u044b\u0439 \u0440\u0430\u0437 \u0432 \u0436\u0438\u0437\u043d\u0438 \u0440\u0435\u0448\u0438\u043b\u0430 \u043d\u0430\u043f\u0438\u0441\u0430\u0442\u044c \u043e\u0442\u0437\u044b\u0432,\u0447\u0442\u043e\u0431\u044b \u043f\u0440\u0435\u0434\u043e\u0441\u0442\u0435\u0440\u0435\u0447\u044c \u043e\u0442 \u043f\u043e\u0442\u0435\u0440\u0438 \u0434\u0435\u043d\u0435\u0433 \u043d\u0430 \u0431\u0438\u043b\u0435\u0442 \u0438 \u0442\u0440\u0430\u0442\u044b \u0432\u0440\u0435\u043c\u0435\u043d\u0438 \u043d\u0430 \u043f\u0440\u043e\u0441\u043c\u043e\u0442\u0440. \u041a \u0438\u0433\u0440\u0435 \u0430\u043a\u0442\u0435\u0440\u043e\u0432 \u043f\u0440\u0435\u0442\u0435\u043d\u0437\u0438\u0439 \u043d\u0435\u0442",
            "author_id": "101",
            "score": "2",
            "pub_date": "2019-09-24T21:08:21.567Z"
        }
    },
    {
        "model": "reviews.review",
        "pk": "28",
        "fields": {
            "title_id": "10",
            "text": "2 \u0447\u0430\u0441\u0430 \u0441\u043c\u043e\u0442\u0440\u044f\u0442\u0441\u044f \u043d\u0430 \u043e\u0434\u043d\u043e\u043c \u0434\u044b\u0445\u0430\u043d\u0438\u0438. \u0421\u043f\u0435\u0446\u044d\u0444\u0444\u0435\u043a\u0442\u044b \u043d\u0430 \u0443\u0440\u043e\u0432\u043d\u0435 \u0444\u0438\u043b\u044c\u043c\u043e\u0432 \u041c\u0430\u0440\u0432\u0435\u043b\u0430. \u0421\u043c\u043e\u0442\u0440\u0435\u043b\u0438 \u0432\u0441\u0435\u0439 \u0441\u0435\u043c\u044c\u0435\u0439. \u041f\u043e\u0441\u043c\u043e\u0442\u0440\u0435\u043b \u043d\u0435\u0441\u043a\u043e\u043b\u044c\u043a\u043e \u043e\u0442\u0437\u044b\u0432\u043e\u0432, \u043f\u043e\u043d\u044f\u043b , \u0447\u0442\u043e \u0444\u0438\u043b\u044c\u043c \u0441\u0442\u043e\u0438\u0442 \u043f\u043e\u0441\u043c\u043e\u0442\u0440\u0435\u0442\u044c",
            "author_id": "102",
            "score": "10",
            "pub_date": "2019-09-24T21:08:21.567Z"
        }
    },
    {
        "model": "reviews.review",
        "pk": "31",
        "fields": {
            "title_id": "11",
            "text": "\u0422\u0443\u043f\u0435\u0435 \u043d\u0435 \u0432\u0438\u0434\u0435\u043b, \u0441\u043c\u043e\u0442\u0440\u0435\u0442\u044c \u043d\u0435 \u0438\u043d\u0442\u0435\u0440\u0435\u0441\u043d\u043e \u0441\u043a\u0443\u0447\u043d\u044f\u043a",
            "author_id": "100",
            "score": "1",
            "pub_date": "2019-09-24T21:08:21.567Z"
        }
    },
    {
        "model": "reviews.review",
        "pk": "29",
        "fields": {
            "title_id": "11",
            "text": "\u0414\u0435\u0439\u0441\u0442\u0432\u0438\u044f \u043f\u0435\u0440\u0441\u043e\u043d\u0430\u0436\u0435\u0439 \u0432\u044b\u0437\u044b\u0432\u0430\u044e\u0442 \u043f\u043e\u0441\u0442\u043e\u044f\u043d\u043d\u044b\u0439 \u0432\u043e\u043f\u0440\u043e\u0441\u044b - \u0447\u0442\u043e \u0438 \u0437\u0430\u0447\u0435\u043c \u043e\u043d\u0438 \u044d\u0442\u043e \u0434\u0435\u043b\u0430\u044e\u0442. \u041b\u043e\u0433\u0438\u043a\u0438 \u043f\u0440\u043e\u0441\u0442\u043e \u043d\u0435\u0442. \u041f\u043e\u0441\u043b\u0435 \u043f\u043e\u043b\u043e\u0432\u0438\u043d\u044b \u0444\u0438\u043b\u044c\u043c\u0430 \u0443\u0436\u0435 \u0445\u043e\u0447\u0435\u0442\u0441\u044f \u0443\u0439\u0442\u0438",
            "author_id": "103",
            "score": "1",
            "pub_date": "2019-09-24T21:08:21.567Z"
        }
    },
    {
        "model": "reviews.review",
        "pk": "30",
        "fields": {
            "title_id": "11",
            "text": "\u041b\u0443\u0447\u0448\u0438\u0439 \u0444\u0438\u043b\u044c\u043c, \u043e\u0434\u043d\u043e\u0437\u043d\u0430\u0447\u043d\u043e. \u0428\u0435\u0434\u0435\u0432\u0440. \u041d\u043e \u0441\u043b\u0435\u0434\u0443\u0435\u0442 \u043f\u043e\u043d\u0438\u043c\u0430\u0442\u044c, \u0447\u0442\u043e \u044d\u0442\u043e \u043d\u0435 \u043a\u0438\u043d\u043e \u043f\u043e\u0434 \u043f\u0438\u0432\u043e \u0434\u043b\u044f \u043c\u043e\u043b\u043e\u0434\u0435\u0436\u0438. \u0421\u0442\u0438\u043b\u044c\u043d\u043e \u0441\u043d\u044f\u0442\u043e, \u043d\u0430 \u043e\u0434\u043d\u043e\u043c \u0434\u044b\u0445\u0430\u043d\u0438\u0438\u0441\u043c\u043e\u0442\u0440\u0438\u0442\u0441\u044f, \u043f\u0435\u0440\u0441\u043e\u043d\u0430\u0436\u0438 \u0432\u0435\u043b\u0438\u043a\u043e\u043b\u0435\u043f\u043d\u044b",
            "author_id": "104",
            "score": "10",
            "pub_date": "2019-09-24T21:08:21.567Z"
        }
    },
    {
        "model": "reviews.review",
        "pk": "32",
        "fields": {
            "title_id": "12",
            "text": "\u0424\u0438\u043b\u044c\u043c \u0438\u043d\u0442\u0435\u0440\u0435\u0441\u043d\u044b\u0439,\u043d\u043e \u043d\u0435 \u0434\u043e\u0440\u0430\u0431\u043e\u0442\u0430\u043d\u043d\u044b\u0439.\u041e\u0441\u0442\u0440\u043e\u0442\u044b \u0441\u044e\u0436\u0435\u0442\u0430 \u043d\u0435 \u0445\u0432\u0430\u0442\u0430\u0435\u0442",
            "author_id": "101",
            "score": "8",
            "pub_date": "2019-09-24T21:08:21.567Z"
        }
    },
    {
        "model": "reviews.review",
        "pk": "33",
        "fields": {
            "title_id": "12",
            "text": "\u0421\u0430\u043c\u0430\u044f \u0441\u0438\u043b\u044c\u043d\u0430\u044f \u043a\u0430\u0440\u0442\u0438\u043d\u0430 \u0437\u0430 \u043f\u043e\u0441\u043b\u0435\u0434\u043d\u0435\u0435 \u0432\u0440\u0435\u043c\u044f. \u0424\u0438\u043b\u044c\u043c \u0437\u0430\u0441\u0442\u0430\u0432\u043b\u044f\u0435\u0442 \u043f\u043b\u0430\u043a\u0430\u0442\u044c, \u0440\u0430\u0434\u043e\u0432\u0430\u0442\u044c\u0441\u044f, \u0433\u0440\u0443\u0441\u0442\u0438\u0442\u044c, \u0434\u0435\u0440\u0436\u0438\u0442 \u0432 \u043d\u0430\u043f\u0440\u044f\u0436\u0435\u043d\u0438\u0438",
            "author_id": "102",
            "score": "10",
            "pub_date": "2019-09-24T21:08:21.567Z"
        }
    },
    {
        "model": "reviews.review",
        "pk": "34",
        "fields": {
            "title_id": "12",
            "text": "\u0421 \u043e\u0433\u0440\u043e\u043c\u043d\u044b\u043c \u0443\u0434\u043e\u0432\u043e\u043b\u044c\u0441\u0442\u0432\u0438\u0435\u043c \u0441\u0445\u043e\u0434\u0438\u043b\u0430 \u0432 \u043a\u0438\u043d\u043e\u0442\u0435\u0430\u0442\u0440. \u041e\u0434\u043d\u043e\u0440\u0430\u0437\u043e\u0432\u044b\u0435 \u0444\u0438\u043b\u044c\u043c\u044b, \u043d\u0430\u0437\u0432\u0430\u043d\u0438\u044f \u043a\u043e\u0442\u043e\u0440\u044b\u0445 \u0437\u0430\u0431\u044b\u0432\u0430\u0435\u0448\u044c \u043d\u0430 \u0432\u044b\u0445\u043e\u0434\u0435 \u0438\u0437 \u0434\u0432\u0435\u0440\u0435\u0439 \u043a\u0438\u043d\u043e\u0437\u0430\u043b\u0430, \u0440\u0430\u0437\u043e\u0447\u0430\u0440\u043e\u0432\u044b\u0432\u0430\u044e\u0442. \u0418 \u0432\u043e\u0442 \u043d\u0430\u0441\u0442\u043e\u044f\u0449\u0438\u0439, \u0434\u0443\u0448\u0435\u0432\u043d\u044b\u0439, \u0436\u0438\u0437\u043d\u0435\u043d\u043d\u044b\u0439 \u0444\u0438\u043b\u044c\u043c. \u0418\u0433\u0440\u0430 \u0430\u043a\u0442\u043e\u0440\u043e\u0432 \u0438 \u0441\u044e\u0436\u0435\u0442 \u0431\u043e\u043c\u0431\u0438\u0447\u0435\u0441\u043a\u0438\u0435.",
            "author_id": "103",
            "score": "9",
            "pub_date": "2019-09-24T21:08:21.567Z"
        }
    },
    {
        "model": "reviews.review",
        "pk": "36",
        "fields": {
            "title_id": "13",
            "text": "\u0425\u043e\u0442\u0435\u043b\u043e\u0441\u044c \u0443\u0439\u0442\u0438 \u0443\u0436\u0435 \u043d\u0430 \u0434\u0432\u0430\u0434\u0446\u0430\u0442\u043e\u0439 \u043c\u0438\u043d\u0443\u0442\u0435. \u041d\u0435\u0438\u043d\u0442\u0435\u0440\u0435\u0441\u043d\u043e \u0438 \u043d\u0443\u0434\u043d\u043e. \u0420\u0435\u0436\u0438\u0441\u0441\u0443\u0440\u0430 \u043d\u0435 \u0432\u043f\u0435\u0447\u0430\u0442\u043b\u0438\u043b\u0430, \u043d\u0443 \u043f\u0440\u043e\u0441\u0442\u043e \u043d\u0435\u0438\u043d\u0442\u0435\u0440\u0435\u0441\u043d\u043e \u0441\u043c\u043e\u0442\u0440\u0435\u0442\u044c \u0431\u044b\u043b\u043e",
            "author_id": "100",
            "score": "2",
            "pub_date": "2019-09-24T21:08:21.567Z"
        }
    },
    {
        "model": "reviews.review",
        "pk": "37",
        "fields": {
            "title_id": "13",
            "text": "\u0424\u0438\u043b\u044c\u043c \u0441\u0442\u043e\u0438\u0442 \u0443\u0432\u0438\u0434\u0435\u0442\u044c \u0442\u0435\u043c, \u043a\u043e\u043c\u0443 \u0438\u043d\u0442\u0435\u0440\u0435\u0441\u043d\u043e \u0441\u043e\u0432\u0440\u0435\u043c\u0435\u043d\u043d\u043e\u0435 \u043a\u0438\u043d\u043e. \u041d\u0435 \u0441\u043a\u0443\u0447\u043d\u043e, \u043d\u0435 \u0437\u0430\u0442\u044f\u043d\u0443\u0442\u043e, \u043f\u043e\u043d\u0440\u0430\u0432\u0438\u043b\u0430\u0441\u044c \u043e\u043f\u0435\u0440\u0430\u0442\u043e\u0440\u0441\u043a\u0430\u044f \u0440\u0430\u0431\u043e\u0442\u0430, \u043d\u0435\u043a\u043e\u0442\u043e\u0440\u044b\u0435 \u0441\u0446\u0435\u043d\u044b \u0441\u0434\u0435\u043b\u0430\u043d\u044b \u043d\u0430 \u0445\u043e\u0440\u043e\u0448\u0435\u043c \u0443\u0440\u043e\u0432\u043d\u0435",
            "author_id": "101",
            "score": "8",
            "pub_date": "2019-09-24T21:08:21.567Z"
        }
    },
    {
        "model": "reviews.review",
        "pk": "35",
        "fields": {
            "title_id": "13",
            "text": "\u0427\u0442\u043e \u0441\u043a\u0430\u0437\u0430\u0442\u044c \u043f\u043e\u0441\u043b\u0435 \u043f\u0440\u043e\u0441\u043c\u043e\u0442\u0440\u0430? \u041d\u0438\u0447\u0435\u0433\u043e. \u0422\u0430\u043a\u043e\u0435 \u043e\u0449\u0443\u0449\u0435\u043d\u0438\u0435, \u0447\u0442\u043e \u0442\u0435\u0431\u044f \u043e\u0431\u043c\u0430\u043d\u0443\u043b\u0438, \u0437\u0430\u0441\u0442\u0430\u0432\u0438\u043b\u0438 \u0441\u043c\u043e\u0442\u0440\u0435\u0442\u044c \u0437\u0430 \u0442\u0432\u043e\u0438 \u0434\u0435\u043d\u044c\u0433\u0438 \u043d\u0430 \u0441\u0442\u0435\u043d\u0443",
            "author_id": "104",
            "score": "1",
            "pub_date": "2019-09-24T21:08:21.567Z"
        }
    },
    {
        "model": "reviews.review",
        "pk": "12",
        "fields": {
            "title_id": "14",
            "text": "\u041d\u0435\u0434\u0430\u0432\u043d\u043e \u0438\u043c\u0435\u043d\u043d\u043e \u0442\u0430\u043a \u044f \u0438\u0437\u043e\u0431\u0440\u0451\u043b \u0432\u0435\u0447\u043d\u044b\u0439 \u0434\u0432\u0438\u0433\u0430\u0442\u0435\u043b\u044c! \u0427\u0438\u0441\u0442\u0430\u044f \u043f\u0440\u0430\u0432\u0434\u0430 \u0432 \u0444\u0438\u043b\u044c\u043c\u0435, \u043f\u043e\u0447\u0435\u043c\u0443 \u043e\u043d \u043d\u0430\u0437\u0432\u0430\u043d \"\u0444\u0430\u043d\u0442\u0430\u0441\u0442\u0438\u043a\u043e\u0439\", \u044d\u0442\u043e \u0436\u0435 \u043f\u043e\u043b\u043d\u0435\u0439\u0448\u0438\u0439 \u0440\u0435\u0430\u043b\u0438\u0437\u043c!\u0412\u043e\u0442 \u0446\u0438\u0442\u0430\u0442\u0430. \u041d\u043e \u0437\u0430\u0447\u0435\u043c \u0435\u043c\u0443 \u0447\u0430\u0441\u044b \u0432 \u0443\u0431\u043e\u0440\u043d\u043e\u0439?!\u2014 \u0412 \u0442\u043e\u0442 \u0434\u0435\u043d\u044c \u044f \u0438\u0437\u043e\u0431\u0440\u0451\u043b \u043f\u0443\u0442\u0435\u0448\u0435\u0441\u0442\u0432\u0438\u0435 \u0432\u043e \u0432\u0440\u0435\u043c\u0435\u043d\u0438! \u041a\u0430\u043a \u0441\u0435\u0439\u0447\u0430\u0441 \u043f\u043e\u043c\u043d\u044e\u2026 \u042f \u0441\u0442\u043e\u044f\u043b \u043d\u0430 \u0443\u043d\u0438\u0442\u0430\u0437\u0435 \u0438 \u0432\u0435\u0448\u0430\u043b \u0447\u0430\u0441\u044b. \u0412\u0434\u0440\u0443\u0433 \u043f\u043e\u0434\u0441\u043a\u043e\u043b\u044c\u0437\u043d\u0443\u043b\u0441\u044f, \u0443\u0434\u0430\u0440\u0438\u043b\u0441\u044f \u0433\u043e\u043b\u043e\u0432\u043e\u0439 \u043e \u0440\u0430\u043a\u043e\u0432\u0438\u043d\u0443",
            "author_id": "101",
            "score": "8",
            "pub_date": "2019-09-24T21:08:21.567Z"
        }
    },
    {
        "model": "reviews.review",
        "pk": "13",
        "fields": {
            "title_id": "14",
            "text": "\u0412\u0435\u043b\u0438\u043a\u0438\u0439 \u0444\u0438\u043b\u044c\u043c, \u0436\u0430\u043b\u044c \u0442\u043e\u043b\u044c\u043a\u043e, \u0447\u0442\u043e \u0431\u0443\u0434\u0443\u0449\u0435\u0435, \u043a\u043e\u0442\u043e\u0440\u043e\u0435 \u0432 \u043d\u0451\u043c \u043f\u043e\u043a\u0430\u0437\u0430\u043d\u043e, \u0443\u0436\u0435 \u0432 \u043f\u0440\u043e\u0448\u043b\u043e\u043c. \u041d\u043e \u043f\u0440\u043e\u0431\u043b\u0435\u043c\u044b \u0432\u0441\u0451 \u0442\u0435\u0436\u0435, \u0432\u043e\u0442 \u043a\u0430\u043a \u044d\u0442\u0430, \u043d\u0430\u043f\u0440\u0438\u043c\u0435\u0440: \u00ab\u0414\u043e\u043a, \u043f\u043e\u0441\u043b\u0443\u0448\u0430\u0439, \u0432\u0441\u0451, \u0447\u0442\u043e \u043d\u0430\u043c \u043d\u0443\u0436\u043d\u043e \u2014 \u044d\u0442\u043e \u043d\u0435\u043c\u043d\u043e\u0433\u043e \u043f\u043b\u0443\u0442\u043e\u043d\u0438\u044f!\u00bb\u0412\u0441\u0435\u0433\u0434\u0430 \u043d\u0435 \u0445\u0432\u0430\u0442\u0430\u0435\u0442 \u043a\u0430\u043a\u043e\u0439-\u043d\u0438\u0431\u0443\u0434\u044c \u043c\u0435\u043b\u043e\u0447\u0438. \u0421\u0435\u043c\u0451\u0440\u043a\u0430 \u0437\u0430 \u0442\u043e, \u0447\u0442\u043e \u0431\u0443\u0434\u0443\u0449\u0435\u0435 \u043e\u043a\u0430\u0437\u0430\u043b\u043e\u0441\u044c \u043d\u0435 \u0442\u0430\u043a\u0438\u043c, \u043a\u0430\u043a \u043e\u0431\u0435\u0449\u0430\u043b\u0438.",
            "author_id": "102",
            "score": "7",
            "pub_date": "2019-09-24T21:08:21.567Z"
        }
    },
    {
        "model": "reviews.review",
        "pk": "14",
        "fields": {
            "title_id": "14",
            "text": "\u0411\u0443\u0434\u0443\u0449\u0435\u0435 \u0432\u044b\u0433\u043b\u044f\u0434\u0438\u0442 \u0441\u0442\u0440\u0430\u043d\u043d\u043e \u0438 \u043d\u0435\u043e\u0436\u0438\u0434\u0430\u043d\u043d\u043e, \u0442\u043e\u0436\u0435 \u043c\u043d\u0435, \u0431\u0438\u043d\u043e\u043c \u041d\u044c\u044e\u0442\u043e\u043d\u0430. \u041d\u043e \u0434\u0438\u0430\u043b\u043e\u0433 \u043f\u0440\u0435\u043a\u0440\u0430\u0441\u0435\u043d, \u0438 \u0437\u0430 \u044d\u0442\u043e \u043d\u0435 \u0441\u0442\u0430\u043d\u0443 \u0441\u0438\u043b\u044c\u043d\u043e \u043c\u0438\u043d\u0443\u0441\u043e\u0432\u0430\u0442\u044c.-- Then tell me, future boy, who`s President of the United States in 1985?-- Ronald Reagan.-- Ronald Reagan? The actor? Then who`s vice president? Jerry Lewis?",
            "author_id": "103",
            "score": "4",
            "pub_date": "2019-09-24T21:08:21.567Z"
        }
    },
    {
        "model": "reviews.review",
        "pk": "38",
        "fields": {
            "title_id": "15",
            "text": "\u041c\u0443\u0442\u043e\u0440\u043d\u043e \u0438 \u0442\u044f\u0436\u0435\u043b\u043e. \u0421\u0442\u0430\u0432\u043b\u044e 2",
            "author_id": "102",
            "score": "2",
            "pub_date": "2019-09-24T21:08:21.567Z"
        }
    },
    {
        "model": "reviews.review",
        "pk": "39",
        "fields": {
            "title_id": "15",
            "text": "\u0424\u0438\u043b\u044c\u043c \u043d\u0435 \u043e\u043f\u0440\u0430\u0432\u0434\u0430\u043b \u043e\u0436\u0438\u0434\u0430\u043d\u0438\u0439. \u0421\u043f\u043b\u043e\u0448\u043d\u0430\u044f \u043a\u0430\u0448\u0430, \u0441\u043b\u0430\u0431\u044b\u0439 \u0441\u0446\u0435\u043d\u0430\u0440\u0438\u0439. \u0421 \u0442\u0440\u0443\u0434\u043e\u043c \u0434\u043e\u0441\u043c\u043e\u0442\u0440\u0435\u043b\u0430 \u0434\u043e \u043a\u043e\u043d\u0446\u0430. \u041e\u0436\u0438\u0434\u0430\u043b\u0430 \u043d\u0435\u0447\u0442\u043e \u0442\u0430\u043a\u043e\u0433\u043e \u0438\u043d\u0442\u0435\u0440\u0435\u0441\u043d\u043e\u0433\u043e \u0438 \u0437\u0430\u0445\u0432\u0430\u0442\u044b\u0432\u0430\u044e\u0449\u0435\u0435. \u041f\u043e\u043b\u043d\u043e\u0435 \u0440\u0430\u0437\u043e\u0447\u0430\u0440\u043e\u0432\u0430\u043d\u0438\u0435. \u041e\u0442\u0434\u0435\u043b\u044c\u043d\u044b\u0435 \u043d\u0435\u0441\u0432\u044f\u0437\u043d\u044b\u0435 \u0441\u0446\u0435\u043d\u044b, \u043d\u0435\u043f\u043e\u043d\u044f\u0442\u043d\u044b\u0435 \u0434\u0438\u0430\u043b\u043e\u0433\u0438",
            "author_id": "103",
            "score": "3",
            "pub_date": "2019-09-24T21:08:21.567Z"
        }
    },
    {
        "model": "reviews.review",
        "pk": "40",
        "fields": {
            "title_id": "15",
            "text": "\u041c\u043d\u0435 \u0444\u0438\u043b\u044c\u043c \u043f\u043e\u043d\u0440\u0430\u0432\u0438\u043b\u0441\u044f. \u0412\u0441\u0435 \u043a\u0430\u0447\u0435\u0441\u0442\u0432\u0435\u043d\u043d\u043e,\u043a\u0440\u0430\u0441\u0438\u0432\u043e. \u0418\u0433\u0440\u0430 \u0430\u043a\u0442\u0435\u0440\u043e\u0432, \u0432 \u043e\u0441\u043d\u043e\u0432\u043d\u043e\u043c, \u043e\u0447\u0435\u043d\u044c \u0434\u0430\u0436\u0435. \u041d\u043e \u0441\u043b\u0438\u0448\u043a\u043e\u043c \u043c\u043d\u043e\u0433\u043e, \u0434\u043b\u044f \u043c\u0435\u043d\u044f \u043a\u0440\u043e\u0432\u0430\u0432\u044b\u0445 \u0441\u0446\u0435\u043d,\u0441\u043b\u0430\u0431\u043e\u043d\u0435\u0440\u0432\u043d\u044b\u043c \u043f\u0440\u043e\u0441\u044c\u0431\u0430 \u043d\u0435 \u0441\u043c\u043e\u0442\u0440\u0435\u0442\u044c",
            "author_id": "104",
            "score": "9",
            "pub_date": "2019-09-24T21:08:21.567Z"
        }
    },
    {
        "model": "reviews.review",
        "pk": "41",
        "fields": {
            "title_id": "16",
            "text": "\u0417\u0440\u044f \u043f\u043e\u0442\u0435\u0440\u044f\u043d\u043d\u043e\u0435 \u0432\u0440\u0435\u043c\u044f! \u042d\u043c\u043e\u0446\u0438\u0438 \u043f\u043e\u0441\u043b\u0435 \u043f\u0440\u043e\u0441\u043c\u043e\u0442\u0440\u0430, - \u0431\u0435\u0437\u044b\u0441\u0445\u043e\u0434\u043d\u043e\u0441\u0442\u044c, \u043d\u0438\u0447\u0435\u0433\u043e \u0443\u0436\u0435 \u043d\u0435 \u0438\u0437\u043c\u0435\u043d\u0438\u0448\u044c. \u0424\u0438\u043b\u044c\u043c \u0432\u043e\u043e\u0431\u0449\u0435 \u043d\u0438\u043a\u0430\u043a\u043e\u0439!!!\u0418 \u043f\u043e\u0441\u0442\u0430\u0432\u0438\u043b\u0438 \u0435\u0433\u043e \u043b\u044e\u0434\u0438 \u0431\u0435\u0437\u0434\u0430\u0440\u043d\u044b\u0435 \u0438 \u043d\u0438\u043a\u0447\u0451\u043c\u043d\u044b\u0435!!!",
            "author_id": "100",
            "score": "1",
            "pub_date": "2019-09-24T21:08:21.567Z"
        }
    },
    {
        "model": "reviews.review",
        "pk": "42",
        "fields": {
            "title_id": "16",
            "text": "\u041f\u043e\u0441\u043b\u0435 \u043f\u0440\u043e\u0441\u043c\u043e\u0442\u0440\u0430 \u0440\u0430\u0437\u043e\u0447\u0430\u0440\u043e\u0432\u0430\u043d\u0438\u0435 \u0433\u0440\u0430\u043d\u0438\u0447\u0438\u0442 \u0441 \u0448\u043e\u043a\u043e\u043c. \u0411\u0435\u0437\u0434\u0430\u0440\u043d\u044b\u0439 \u0444\u0438\u043b\u044c\u043c, \u043a\u0430\u043a \u043f\u0440\u0435\u0434\u044b\u0434\u0443\u0449\u0438\u0439 \u043e\u0442 \u044d\u0442\u043e\u0433\u043e \u0436\u0435 \u0440\u0435\u0436\u0438\u0441\u0441\u0435\u0440\u0430. \u041d\u0435 \u0440\u0435\u043a\u043e\u043c\u0435\u043d\u0434\u0443\u044e \u043d\u0438\u043a\u043e\u043c\u0443! \u041f\u043b\u043e\u0445\u043e, \u043d\u0435\u043f\u0440\u0430\u0432\u0434\u043e\u043f\u043e\u0434\u043e\u0431\u043d\u043e, \u0441\u043a\u043e\u043c\u043a\u0430\u043d\u043e \u0441\u043d\u044f\u0442\u043e.",
            "author_id": "101",
            "score": "2",
            "pub_date": "2019-09-24T21:08:21.567Z"
        }
    },
    {
        "model": "reviews.review",
        "pk": "43",
        "fields": {
            "title_id": "16",
            "text": "\u0424\u0438\u043b\u044c\u043c \u043c\u043e\u0449\u043d\u044b\u0439. \u0413\u043b\u0430\u0432\u043d\u043e\u0435 - \u043d\u0435 \u0437\u0430\u043d\u0438\u043c\u0430\u0442\u044c \u0447\u044c\u044e-\u0442\u043e \u043f\u043e\u0437\u0438\u0446\u0438\u044e, \u0430 \u0441\u043c\u043e\u0442\u0440\u0435\u0442\u044c \u0441\u043e \u0441\u0442\u043e\u0440\u043e\u043d\u044b. \u0412\u043f\u0435\u0440\u0432\u044b\u0435 \u0432\u0438\u0436\u0443, \u0447\u0442\u043e\u0431\u044b \u0431\u044b\u043b\u043e \u0442\u0430\u043a \u0434\u0435\u0442\u0430\u043b\u044c\u043d\u043e \u043f\u043e\u043a\u0430\u0437\u0430\u043d\u044b \u043f\u0435\u0440\u0435\u0436\u0438\u0432\u0430\u043d\u0438\u044f \u0438 \u044d\u043c\u043e\u0446\u0438\u0438 \u043a\u0430\u0436\u0434\u043e\u0433\u043e \u0433\u0435\u0440\u043e\u044f. \u0412\u0441\u0435 \u043d\u0430 \u0441\u0432\u043e\u0435\u043c \u043c\u0435\u0441\u0442\u0435. \u0410\u043a\u0442\u0435\u0440\u044b \u0438 \u0433\u0440\u0430\u0444\u0438\u043a\u0430 \u043d\u0430 \u0432\u044b\u0441\u043e\u0442\u0435.",
            "author_id": "102",
            "score": "10",
            "pub_date": "2019-09-24T21:08:21.567Z"
        }
    },
    {
        "model": "reviews.review",
        "pk": "44",
        "fields": {
            "title_id": "17",
            "text": "\u0415\u0441\u043b\u0438 \u0442\u0430\u043a\u043e\u0439 \u0436\u0430\u043d\u0440 \u0432\u0430\u043c \u043f\u043e \u0432\u043a\u0443\u0441\u0443, \u0442\u043e \u0434\u0430\u0436\u0435 \u043d\u0435 \u0441\u043e\u043c\u043d\u0435\u0432\u0430\u0439\u0442\u0435\u0441\u044c - \u0431\u0435\u0433\u043e\u043c \u0432 \u043a\u0438\u043d\u043e\u0442\u0435\u0430\u0442\u0440! \u0424\u0438\u043b\u044c\u043c - \u043e\u0433\u043e\u043d\u044c! \u0418\u043d\u0442\u0435\u0440\u0435\u0441\u043d\u044b\u0439 \u0441\u044e\u0436\u0435\u0442, \u0432\u0435\u043b\u0438\u043a\u043e\u043b\u0435\u043f\u043d\u0430\u044f \u0438\u0433\u0440\u0430 \u0430\u043a\u0442\u0451\u0440\u043e\u0432, \u0441\u044a\u0451\u043c\u043a\u0438 \u043f\u0440\u043e\u0441\u0442\u043e \u0441\u0443\u043f\u0435\u0440, \u0434\u0430 \u0438 \u0441\u043f\u0435\u0446\u044d\u0444\u0444\u0435\u043a\u0442\u044b \u043d\u0430 \u0432\u044b\u0441\u043e\u0442\u0435",
            "author_id": "103",
            "score": "10",
            "pub_date": "2019-09-24T21:08:21.567Z"
        }
    },
    {
        "model": "reviews.review",
        "pk": "15",
        "fields": {
            "title_id": "17",
            "text": "\u041d\u0435\u0443\u0436\u0435\u043b\u0438 \u0438\u0437 \u0442\u044e\u0440\u044c\u043c\u044b \u0442\u0430\u043a \u043b\u0435\u0433\u043a\u043e \u0431\u044b\u043b\u043e \u0441\u0431\u0435\u0436\u0430\u0442\u044c? \u0420\u0430\u0437 - \u0438 \u0442\u044b \u043d\u0430 \u0441\u0432\u043e\u0431\u043e\u0434\u0435. \u0414\u0430, \u043f\u043e\u0431\u0435\u0433 \u0438\u0437 \u0428\u043e\u0443\u0448\u0435\u043d\u043a\u0430 \u043f\u0440\u0438\u0448\u043b\u043e\u0441\u044c \u0433\u043e\u0442\u043e\u0432\u0438\u0442\u044c \u043d\u0435\u043c\u043d\u043e\u0433\u043e \u0434\u043e\u043b\u044c\u0448\u0435. \u041f\u044f\u0442\u044c \u0437\u0430 \u0441\u043e\u0446\u0440\u0435\u0430\u043b\u0438\u0437\u043c",
            "author_id": "104",
            "score": "5",
            "pub_date": "2019-09-24T21:08:21.567Z"
        }
    },
    {
        "model": "reviews.review",
        "pk": "46",
        "fields": {
            "title_id": "18",
            "text": "\u0420\u0430\u0437\u043e\u0447\u0430\u0440\u043e\u0432\u0430\u043d\u0438\u043d\u0435, \u0432\u044b\u0442\u0430\u0449\u0438\u043b\u0430 \u0441\u0435\u0431\u044f \u0432 \u043a\u0438\u043d\u043e, \u0430 \u0442\u0443\u0442 \u0442\u0430\u043a\u043e\u0435. \u0420\u0435\u043a\u043b\u0430\u043c\u0430 \u0448\u043b\u0430 \u043c\u043d\u043e\u043e\u043e\u0431\u0435\u0449\u0430\u044e\u0449\u0430\u044f, \u0430 \u0432 \u0440\u0435\u0430\u043b\u044c\u043d\u043e\u0441\u0442\u0438 \u0432\u0441\u0451 \u043d\u0435 \u0442\u043e",
            "author_id": "100",
            "score": "2",
            "pub_date": "2019-09-24T21:08:21.567Z"
        }
    },
    {
        "model": "reviews.review",
        "pk": "45",
        "fields": {
            "title_id": "18",
            "text": "\u0421\u044e\u0436\u0435\u0442, \u043c\u044b\u0441\u043b\u044c, \u0444\u0438\u043b\u043e\u0441\u043e\u0444\u0438\u044f, \u0438\u0433\u0440\u0430 \u0430\u043a\u0442\u0435\u0440\u043e\u0432, \u044d\u043c\u043e\u0446\u0438\u0438 - \u0431\u043b\u0435\u0441\u043a! \u0421\u044e\u0436\u0435\u0442 \u0434\u0438\u043d\u0430\u043c\u0438\u0447\u043d\u044b\u0439, \u0438\u0433\u0440\u0430 \u0430\u043a\u0442\u0451\u0440\u043e\u0432 \u0445\u043e\u0440\u043e\u0448\u0430, \u043d\u043e \u043d\u0435 \u0438\u0434\u0435\u0430\u043b\u044c\u043d\u0430.",
            "author_id": "104",
            "score": "8",
            "pub_date": "2019-09-24T21:08:21.567Z"
        }
    },
    {
        "model": "reviews.review",
        "pk": "47",
        "fields": {
            "title_id": "19",
            "text": "\u041d\u0435\u043f\u0440\u0430\u0432\u0434\u043e\u043f\u043e\u0434\u043e\u0431\u043d\u044b\u0439, \u043d\u0435\u043b\u043e\u0433\u0438\u0447\u043d\u044b\u0439, \u0431\u0435\u0441\u0441\u043c\u044b\u0441\u043b\u0435\u043d\u043d\u044b\u0439 \u0444\u0438\u043b\u044c\u043c. \u041f\u0440\u043e\u0441\u0442\u043e \u043d\u0438\u043a\u0430\u043a\u043e\u0439, \u043c\u043e\u0436\u0435\u0442\u0435 \u0434\u0430\u0436\u0435 \u043d\u0435 \u0441\u043c\u043e\u0442\u0440\u0435\u0442\u044c, \u0441\u0443\u0442\u0438 \u043d\u0435 \u0443\u043b\u043e\u0432\u0438\u0442\u0435. \u041c\u043d\u0435 \u043f\u043e\u043d\u0440\u0430\u0432\u0438\u043b\u0441\u044f",
            "author_id": "101",
            "score": "10",
            "pub_date": "2019-09-24T21:08:21.567Z"
        }
    },
    {
        "model": "reviews.review",
        "pk": "48",
        "fields": {
            "title_id": "19",
            "text": "\u0418\u043d\u0442\u0435\u0440\u0435\u0441\u043d\u043e \u043f\u0440\u043e\u0434\u0443\u043c\u0430\u043d\u043d\u044b\u0439 \u0444\u0438\u043b\u044c\u043c, \u0446\u0435\u043f\u043b\u044f\u0435\u0442 \u043d\u0435\u043e\u0431\u044b\u0447\u043d\u044b\u043c \u0441\u044e\u0436\u0435\u0442\u043e\u043c. \u0434\u043b\u0438\u043d\u043d\u044b\u0439, \u0447\u0442\u043e \u0431\u044b\u0432\u0430\u0435\u0442 \u043d\u0435 \u0432\u043e \u0432\u0441\u0435\u0445 \u0444\u0438\u043b\u044c\u043c\u0430\u0445. \u0410\u043a\u0442\u0451\u0440\u044b \u043a\u0440\u0443\u0442\u044b\u0435. \u0412 \u043e\u0431\u0449\u0435\u043c, \u043f\u043e\u0441\u043c\u043e\u0442\u0440\u0435\u0442\u044c \u043c\u043e\u0436\u043d\u043e.",
            "author_id": "102",
            "score": "8",
            "pub_date": "2019-09-24T21:08:21.567Z"
        }
    },
    {
        "model": "reviews.review",
        "pk": "49",
        "fields": {
            "title_id": "20",
            "text": "\u0412\u043d\u0438\u043c\u0430\u0442\u0435\u043b\u044c\u043d\u043e \u0441\u043b\u0435\u0436\u0443 \u0437\u0430 \u0432\u0441\u0435\u043c\u0438 \u043d\u043e\u0432\u044b\u043c\u0438 \u0438\u0437\u0434\u0430\u043d\u0438\u044f\u043c\u0438, \u043f\u043e\u043a\u0443\u043f\u0430\u044e \u043a\u0430\u0436\u0434\u043e\u0435. \u041b\u0443\u0447\u0448\u0438\u0439 \u0442\u0440\u0438\u043b\u043b\u0435\u0440 \u0442\u044b\u0441\u044f\u0447\u0435\u043b\u0435\u0442\u0438\u044f \u2014 \u044d\u0442\u043e \u00ab\u041a\u043e\u043b\u043e\u0431\u043e\u043a\u00bb",
            "author_id": "103",
            "score": "10",
            "pub_date": "2019-09-24T21:08:21.567Z"
        }
    },
    {
        "model": "reviews.review",
        "pk": "50",
        "fields": {
            "title_id": "20",
            "text": "\u0410 \u0432\u043e\u0442 \u0443 \u043a\u0438\u043f\u0447\u0430\u043a\u043e\u0432 \u00ab\u043a\u043e\u043b\u043e\u0431\u043e\u043a\u00bb \u2014 \u0448\u0430\u0440\u0438\u043a \u0438\u0437 \u043d\u0430\u0432\u043e\u0437\u0430! \u0418 \u0441\u043a\u0430\u0437\u043a\u0430 \u043f\u0440\u0438\u043e\u0431\u0440\u0435\u0442\u0430\u0435\u0442 \u0441\u043e\u0432\u0441\u0435\u043c \u0434\u0440\u0443\u0433\u043e\u0439 \u0441\u043c\u044b\u0441\u043b! \u00ab\u041d\u0435 \u0445\u0438\u0442\u0440\u0438, \u0430 \u0442\u043e \u043d\u0430\u0432\u043e\u0437\u0430 \u043d\u0430\u043a\u0443\u0448\u0430\u0435\u0448\u044c\u0441\u044f!\u00bb",
            "author_id": "104",
            "score": "10",
            "pub_date": "2019-09-24T21:08:21.567Z"
        }
    },
    {
        "model": "reviews.review",
        "pk": "51",
        "fields": {
            "title_id": "21",
            "text": "\u041f\u0440\u043e\u0447\u043b\u0430 \u043e\u0442 \u043d\u0430\u0447\u0430\u043b\u0430 \u0434\u043e \u043a\u043e\u043d\u0446\u0430, \u043d\u0435 \u043e\u0442\u0440\u044b\u0432\u0430\u044f\u0441\u044c. \u0423\u0436\u0430\u0441\u043d\u0430\u044f \u043a\u043d\u0438\u0433\u0430, \u0447\u0435\u043c\u0443 \u043e\u043d\u0430 \u043c\u043e\u0436\u0435\u0442 \u043d\u0430\u0443\u0447\u0438\u0442\u044c \u043d\u0430\u0448\u0443 \u043c\u043e\u043b\u043e\u0434\u0451\u0436\u044c.",
            "author_id": "100",
            "score": "1",
            "pub_date": "2019-09-24T21:08:21.567Z"
        }
    },
    {
        "model": "reviews.review",
        "pk": "52",
        "fields": {
            "title_id": "21",
            "text": "\u0421\u0443\u0440\u043e\u0432\u044b\u0435 \u0430\u043c\u0435\u0440\u0438\u043a\u0430\u043d\u0441\u043a\u0438\u0435 \u0441\u0435\u043c\u0438\u0434\u0435\u0441\u044f\u0442\u044b\u0435 \u0432 \u0434\u043e\u043a\u0443\u043c\u0435\u043d\u0442\u0430\u043b\u044c\u043d\u043e\u043c \u0438\u0437\u043b\u043e\u0436\u0435\u043d\u0438\u0438. \u041a\u0430\u043a \u0430\u0432\u0442\u043e\u0440 \u0434\u043e\u0436\u0438\u043b \u0434\u043e 2005-\u0433\u043e \u0433\u043e\u0434\u0430 \u2014 \u0437\u0430\u0433\u0430\u0434\u043a\u0430. \u041d\u043e \u0440\u043e\u043c\u0430\u043d \u043f\u0440\u0435\u043a\u0440\u0430\u0441\u043d\u044b\u0439.",
            "author_id": "101",
            "score": "10",
            "pub_date": "2019-09-24T21:08:21.567Z"
        }
    },
    {
        "model": "reviews.review",
        "pk": "53",
        "fields": {
            "title_id": "22",
            "text": "\u041c\u043d\u043e\u0433\u0430\u0431\u0443\u043a\u0443\u0444. \u041d\u0438\u0430\u0441\u0438\u043b\u0438\u043b. \u0412 \u0430\u043d\u043d\u043e\u0442\u0430\u0446\u0438\u0438 \u043d\u0430\u043f\u0438\u0441\u0430\u043d\u043e \u2014 \u00ab\u0432\u0435\u043b\u0438\u043a\u0438\u0439 \u0440\u043e\u043c\u0430\u043d\u00bb, \u0442\u0430\u043a \u0447\u0442\u043e \u0441\u0442\u0430\u0432\u043b\u044e \u043c\u0430\u043a\u0441\u0438\u043c\u0430\u043b\u044c\u043d\u0443\u044e \u043e\u0446\u0435\u043d\u043a\u0443",
            "author_id": "102",
            "score": "10",
            "pub_date": "2019-09-24T21:08:21.567Z"
        }
    },
    {
        "model": "reviews.review",
        "pk": "54",
        "fields": {
            "title_id": "22",
            "text": "\u0415\u0441\u043b\u0438 \u0442\u0430\u043a\u043e\u0439 \u0436\u0430\u043d\u0440 \u0432\u0430\u043c \u043f\u043e \u0432\u043a\u0443\u0441\u0443, \u0442\u043e \u0434\u0430\u0436\u0435 \u043d\u0435 \u0441\u043e\u043c\u043d\u0435\u0432\u0430\u0439\u0442\u0435\u0441\u044c: \u0441\u0430\u0434\u0438\u0442\u0435\u0441\u044c \u0447\u0438\u0442\u0430\u0442\u044c! \u0420\u043e\u043c\u0430\u043d - \u043e\u0433\u043e\u043d\u044c! \u0418\u043d\u0442\u0435\u0440\u0435\u0441\u043d\u044b\u0439 \u0441\u044e\u0436\u0435\u0442, \u0432\u0435\u043b\u0438\u043a\u043e\u043b\u0435\u043f\u043d\u044b\u0435 \u043f\u0435\u0440\u0441\u043e\u043d\u0430\u0436\u0438, \u043d\u0435\u0431\u043e \u0410\u0443\u0441\u0442\u0435\u0440\u043b\u0438\u0446\u0430 \u0438 \u0432\u0441\u0442\u0440\u0435\u0447\u0430 \u0441 \u0434\u0443\u0431\u043e\u043c",
            "author_id": "103",
            "score": "10",
            "pub_date": "2019-09-24T21:08:21.567Z"
        }
    },
    {
        "model": "reviews.review",
        "pk": "55",
        "fields": {
            "title_id": "22",
            "text": "\u042f \u0412\u0438\u041c \u0432 \u0448\u043a\u043e\u043b\u0435 \u0447\u0438\u0442\u0430\u043b (\u0437\u0430\u0441\u0442\u0430\u0432\u043b\u044f\u043b\u0438), \u0430 \u043f\u043e\u0442\u043e\u043c \u043e\u043f\u044f\u0442\u044c \u0441\u043b\u0443\u0447\u0430\u0439\u043d\u043e \u043f\u0440\u043e\u0447\u0451\u043b, \u0438 \u043e\u043a\u0430\u0437\u0430\u043b\u043e\u0441\u044c, \u0447\u0442\u043e \u043e\u043d \u0438 \u043f\u0440\u0430\u0432\u043b\u0430 \u0432\u0435\u043b\u0438\u043a\u0438\u0439, \u0430 \u043d\u0435 \u043f\u0440\u043e\u0441\u0442\u043e \u0442\u0430\u043a. \u041d\u0435 \u0441\u0442\u0430\u0432\u043b\u044e \u0434\u0435\u0441\u044f\u0442\u043a\u0443 \u0442\u043e\u043b\u044c\u043a\u043e \u0432 \u043f\u0430\u043c\u044f\u0442\u044c \u043e \u0448\u043a\u043e\u043b\u044c\u043d\u044b\u0445 \u043c\u0443\u0447\u0435\u043d\u0438\u044f\u0445",
            "author_id": "104",
            "score": "8",
            "pub_date": "2019-09-24T21:08:21.567Z"
        }
    },
    {
        "model": "reviews.review",
        "pk": "56",
        "fields": {
            "title_id": "23",
            "text": "\u041d\u0438\u0447\u0435\u0433\u043e \u043d\u0435 \u043f\u043e\u043d\u044f\u043b",
            "author_id": "100",
            "score": "3",
            "pub_date": "2019-09-24T21:08:21.567Z"
        }
    },
    {
        "model": "reviews.review",
        "pk": "57",
        "fields": {
            "title_id": "23",
            "text": "\u041d\u0435 \u043f\u043e\u043d\u044f\u043b \u0432\u043e\u043e\u0431\u0449\u0435 \u043d\u0438\u0447\u0435\u0433\u043e",
            "author_id": "101",
            "score": "1",
            "pub_date": "2019-09-24T21:08:21.567Z"
        }
    },
    {
        "model": "reviews.review",
        "pk": "58",
        "fields": {
            "title_id": "23",
            "text": "\u0421\u043e\u0432\u0441\u0435\u043c \u043d\u0435\u043f\u043e\u043d\u044f\u0442\u043d\u043e, \u043d\u043e \u0437\u0434\u043e\u0440\u043e\u0432\u043e",
            "author_id": "102",
            "score": "8",
            "pub_date": "2019-09-24T21:08:21.567Z"
        }
    },
    {
        "model": "reviews.review",
        "pk": "59",
        "fields": {
            "title_id": "23",
            "text": "\u0427\u0442\u043e \u044d\u0442\u043e \u0431\u044b\u043b\u043e?! \u0414\u0435\u0441\u044f\u0442\u043a\u0430 \u0437\u0430 \u0443\u0440\u043e\u0432\u0435\u043d\u044c \u043d\u0435\u043f\u043e\u043d\u044f\u0442\u043d\u043e\u0441\u0442\u0438",
            "author_id": "103",
            "score": "10",
            "pub_date": "2019-09-24T21:08:21.567Z"
        }
    },
    {
        "model": "reviews.review",
        "pk": "60",
        "fields": {
            "title_id": "23",
            "text": "\u0414\u0435\u0442\u0430\u043b\u044c\u043d\u043e \u043a\u043e\u043c\u043c\u0435\u043d\u0442\u0438\u0440\u043e\u0432\u0430\u0442\u044c \u043d\u0435 \u0431\u0443\u0434\u0443, \u043d\u043e \u044d\u0442\u043e \u0448\u0435\u0434\u0435\u0432\u0440",
            "author_id": "104",
            "score": "10",
            "pub_date": "2019-09-24T21:08:21.567Z"
        }
    },
    {
        "model": "reviews.review",
        "pk": "63",
        "fields": {
            "title_id": "24",
            "text": "\u041d\u0435 \u043c\u043e\u0436\u0435\u0442 \u0431\u044b\u0442\u044c \u0442\u0430\u043a\u043e\u0433\u043e. \u042d\u0442\u043e \u0432\u0441\u0451 \u043f\u0440\u0438\u0434\u0443\u043c\u0430\u043d\u043e, \u0430\u0432\u0442\u043e\u0440 \u043f\u043e\u043f\u044b\u0442\u0430\u043b\u0441\u044f \u043e\u0431\u043c\u0430\u043d\u0443\u0442\u044c \u0447\u0438\u0442\u0430\u0442\u0435\u043b\u044f, \u043d\u043e \u043c\u044b, \u0447\u0438\u0442\u0430\u0442\u0435\u043b\u0438, \u0443\u043c\u043d\u0435\u0435 \u0435\u0433\u043e. \u041d\u0430\u0441 \u0432\u043e\u043a\u0440\u0443\u0433 \u043f\u0430\u043b\u044c\u0446\u0430 \u043d\u0435 \u043e\u0431\u0432\u0435\u0434\u0451\u0448\u044c!!",
            "author_id": "102",
            "score": "2",
            "pub_date": "2019-09-24T21:08:21.567Z"
        }
    },
    {
        "model": "reviews.review",
        "pk": "64",
        "fields": {
            "title_id": "24",
            "text": "\u0412\u0441\u0451 \u0441\u043e\u0432\u0435\u0440\u0448\u0435\u043d\u043d\u043e \u043d\u0435 \u0442\u0430\u043a, \u043a\u0430\u043a \u043d\u0430 \u0441\u0430\u043c\u043e\u043c \u0434\u0435\u043b\u0435, \u0438 \u0432 \u0434\u043e\u043a\u0443\u043c\u0435\u043d\u0442\u0430\u043b\u044c\u043d\u043e\u0439 \u043f\u043e\u0432\u0435\u0441\u0442\u0438 \u044d\u0442\u043e \u0445\u043e\u0440\u043e\u0448\u043e \u043e\u043f\u0438\u0441\u0430\u043d\u043e",
            "author_id": "103",
            "score": "9",
            "pub_date": "2019-09-24T21:08:21.567Z"
        }
    },
    {
        "model": "reviews.review",
        "pk": "66",
        "fields": {
            "title_id": "25",
            "text": "\u042d\u0442\u043e \u043f\u0440\u043e\u0441\u0442\u043e \u00ab\u0412\u043e\u0439\u043d\u0430 \u0438 \u043c\u0438\u0440\u00bb \u0434\u043b\u044f \u0434\u0435\u0442\u0435\u0439. \u0427\u0438\u0442\u0430\u0442\u044c \u0432\u0441\u0435\u043c",
            "author_id": "100",
            "score": "10",
            "pub_date": "2019-09-24T21:08:21.567Z"
        }
    },
    {
        "model": "reviews.review",
        "pk": "65",
        "fields": {
            "title_id": "25",
            "text": "\u0415\u0441\u043b\u0438 \u0431\u044b \u044f \u0442\u043e\u043b\u044c\u043a\u043e \u043c\u043e\u0433 \u043d\u0430 \u043c\u0438\u043d\u0443\u0442\u043a\u0443 \u043f\u0435\u0440\u0435\u0441\u0442\u0430\u0442\u044c \u0431\u0443\u043c\u043a\u0430\u0442\u044c \u0433\u043e\u043b\u043e\u0432\u043e\u0439 \u043f\u043e \u0441\u0442\u0443\u043f\u0435\u043d\u044c\u043a\u0430\u043c \u0438 \u043a\u0430\u043a \u0441\u043b\u0435\u0434\u0443\u0435\u0442 \u0441\u043e\u0441\u0440\u0435\u0434\u043e\u0442\u043e\u0447\u0438\u0442\u044c\u0441\u044f \u2014 \u044f \u0431\u044b \u043d\u0430\u043f\u0438\u0441\u0430\u043b \u043f\u0440\u0435\u043a\u0440\u0430\u0441\u043d\u044b\u0439 \u043e\u0442\u0437\u044b\u0432. \u041d\u043e \u0443\u0432\u044b \u2014 \u0441\u043e\u0441\u0440\u0435\u0434\u043e\u0442\u043e\u0447\u0438\u0442\u044c\u0441\u044f-\u0442\u043e \u043c\u043d\u0435 \u0438 \u043d\u0435\u043a\u043e\u0433\u0434\u0430: \u0443\u0447\u0451\u0431\u0430, \u0440\u0430\u0431\u043e\u0442\u0430. \u041f\u0440\u043e\u0441\u0442\u043e \u043f\u043e\u0441\u0442\u0430\u0432\u043b\u044e \u043f\u044f\u0442\u0451\u0440\u043a\u0443",
            "author_id": "104",
            "score": "10",
            "pub_date": "2019-09-24T21:08:21.567Z"
        }
    },
    {
        "model": "reviews.review",
        "pk": "67",
        "fields": {
            "title_id": "26",
            "text": "\u0421\u043b\u0443\u0448\u0430\u044e \u0438 \u043f\u043b\u0430\u0447\u0443. \u041f\u043b\u0430\u0447\u0443, \u043d\u043e \u0441\u043b\u0443\u0448\u0430\u044e",
            "author_id": "101",
            "score": "10",
            "pub_date": "2019-09-24T21:08:21.567Z"
        }
    },
    {
        "model": "reviews.review",
        "pk": "68",
        "fields": {
            "title_id": "27",
            "text": "\u041a\u0430\u043a\u043e\u0439-\u0442\u043e \u043d\u0435\u043f\u043e\u043d\u044f\u0442\u043d\u044b\u0439 \u0448\u0443\u043c. \u041d\u0435\u0443\u0436\u0435\u043b\u0438 \u044d\u0442\u043e \u043a\u0442\u043e-\u0442\u043e \u0441\u043b\u0443\u0448\u0430\u0435\u0442?",
            "author_id": "102",
            "score": "1",
            "pub_date": "2019-09-24T21:08:21.567Z"
        }
    },
    {
        "model": "reviews.review",
        "pk": "69",
        "fields": {
            "title_id": "27",
            "text": "\u041d\u0438\u0447\u0435\u0433\u043e \u043d\u0435 \u043f\u043e\u043d\u044f\u0442\u043d\u043e. \u041e \u0447\u0451\u043c \u044d\u0442\u0430 \u043f\u0435\u0441\u043d\u044f, \u0447\u0435\u043c\u0443 \u043e\u043d\u0430 \u0443\u0447\u0438\u0442?",
            "author_id": "103",
            "score": "2",
            "pub_date": "2019-09-24T21:08:21.567Z"
        }
    },
    {
        "model": "reviews.review",
        "pk": "71",
        "fields": {
            "title_id": "28",
            "text": "\u041d\u0435\u0443\u0436\u0435\u043b\u0438 \u043f\u0435\u0441\u043d\u044e \u043f\u0440\u043e \u0430\u043a\u0432\u0430\u043b\u0430\u043d\u0433\u0438\u0441\u0442\u043e\u0432 \u043f\u0435\u0440\u0435\u0432\u0435\u043b\u0438 \u043d\u0430 \u0430\u043d\u0433\u043b\u0438\u0439\u0441\u043a\u0438\u0439?! \u041d\u0443 \u043d\u0430\u043a\u043e\u043d\u0435\u0446-\u0442\u043e! \u0410\u043a\u0432\u0430\u043b\u0430\u043d\u0433\u0438\u0441\u0442\u044b \u2014 \u044d\u0442\u043e \u0445\u043e\u0440\u043e\u0448\u043e!",
            "author_id": "100",
            "score": "10",
            "pub_date": "2019-09-24T21:08:21.567Z"
        }
    },
    {
        "model": "reviews.review",
        "pk": "70",
        "fields": {
            "title_id": "28",
            "text": "\u0419\u044d\u043d \u0410\u043d\u0434\u0435\u0440\u0441\u043e\u043d \u0432\u0435\u043b\u0438\u043a\u0438\u0439!!!!!!!!1111",
            "author_id": "104",
            "score": "10",
            "pub_date": "2019-09-24T21:08:21.567Z"
        }
    },
    {
        "model": "reviews.review",
        "pk": "72",
        "fields": {
            "title_id": "29",
            "text": "\u041c\u044b \u043f\u0440\u044b\u0433\u0430\u043b\u0438, \u0432\u0435\u0440\u0442\u0435\u043b\u0438\u0441\u044c \u0438 \u043a\u0440\u0443\u0436\u0438\u043b\u0438\u0441\u044c \u0442\u0430\u043a, \u0447\u0442\u043e \u043f\u043e\u043b \u0445\u043e\u0434\u0438\u043b \u0445\u043e\u0434\u0443\u043d\u043e\u043c!",
            "author_id": "101",
            "score": "10",
            "pub_date": "2019-09-24T21:08:21.567Z"
        }
    },
    {
        "model": "reviews.review",
        "pk": "73",
        "fields": {
            "title_id": "30",
            "text": "\u042d\u0442\u043e \u0435\u0434\u0438\u043d\u0441\u0442\u0432\u0435\u043d\u043d\u044b\u0439 \u0440\u0438\u0444, \u043a\u043e\u0442\u043e\u0440\u044b\u0439 \u044f \u0443\u043c\u0435\u044e \u0438\u0433\u0440\u0430\u0442\u044c \u043d\u0430 \u0441\u0432\u043e\u0435\u0439 \u0441\u0443\u043f\u0435\u0440\u0434\u043e\u0440\u043e\u0433\u043e\u0439 \u0433\u0438\u0442\u0430\u0440\u0435! \u041c\u043e\u044f \u043b\u044e\u0431\u0438\u043c\u0430\u044f \u043f\u0435\u0441\u043d\u044f",
            "author_id": "104",
            "score": "10",
            "pub_date": "2019-09-24T21:08:21.567Z"
        }
    },
    {
        "model": "reviews.review",
        "pk": "74",
        "fields": {
            "title_id": "31",
            "text": "\u0421\u0442\u0440\u0430\u043d\u043d\u043e: \u041c\u043e\u0446\u0430\u0440\u0442 - \u0430\u0432\u0441\u0442\u0440\u0438\u0435\u0446, \u0430 \u043c\u0430\u0440\u0448 - \u0442\u0443\u0440\u0435\u0446\u043a\u0438\u0439. \u041d\u0435 \u043f\u043e\u043d\u0438\u043c\u0430\u044e, \u043a\u0430\u043a \u0442\u0430\u043a \u0432\u044b\u0448\u043b\u043e. \u0417\u0432\u0443\u0447\u0438\u0442 \u043a\u0440\u0430\u0441\u0438\u0432\u043e, \u043d\u043e \u0437\u0430 \u0433\u0435\u043e\u0433\u0440\u0430\u0444\u0438\u0447\u0435\u0441\u043a\u0443\u044e \u043f\u0443\u0442\u0430\u043d\u0438\u0446\u0443 \u0441\u0442\u0430\u0432\u043b\u044e \u0432\u043e\u0441\u0435\u043c\u044c",
            "author_id": "100",
            "score": "8",
            "pub_date": "2019-09-24T21:08:21.567Z"
        }
    },
    {
        "model": "reviews.review",
        "pk": "75",
        "fields": {
            "title_id": "32",
            "text": "\u0411\u0430\u0445 forever. \u042d\u0442\u043e \u0432\u0430\u043c \u043d\u0435 \u0442\u0440\u0438 \u0430\u043a\u043a\u043e\u0440\u0434\u0430 \u043d\u0430 \u0433\u0438\u0442\u0430\u0440\u0435, \u043a\u0430\u043a \u0443 \u0441\u043c\u043e\u043a \u043e\u043d \u0437\u0435 \u0432\u043e\u0442\u0435\u0440",
            "author_id": "102",
            "score": "10",
            "pub_date": "2019-09-24T21:08:21.567Z"
        }
    },
    {
        "model": "reviews.comment",
        "pk": "1",
        "fields": {
            "review_id": "6",
            "text": "\u041d\u0438\u0447\u0435\u0433\u043e \u043f\u043e\u0434\u043e\u0431\u043d\u043e\u0433\u043e, \u0432 \u0444\u0438\u043b\u044c\u043c\u0435 \u0432\u0441\u0451 \u043d\u0435 \u0442\u0430\u043a, \u0438 \u043f\u0440\u043e\u0433\u0440\u0430\u043c\u043c\u0438\u0440\u043e\u0432\u0430\u043d\u0438\u0435 \u0442\u0443\u0442 \u0432\u043e\u043e\u0431\u0449\u0435 \u043d\u0438 \u043f\u0440\u0438 \u0447\u0451\u043c!",
            "author_id": "102",
            "pub_date": "2020-01-13T23:20:02.422Z"
        }
    },
    {
        "model": "reviews.comment",
        "pk": "2",
        "fields": {
            "review_id": "6",
            "text": "\u041d\u0443 \u043d\u0430\u0434\u043e \u0436\u0435, \u043d\u0435 \u043d\u0430\u0448\u043b\u043e\u0441\u044c \u043d\u0438\u0447\u0435\u0433\u043e \u043b\u0443\u0447\u0448\u0435\u0433\u043e, \u043a\u0440\u043e\u043c\u0435 \u043a\u0430\u043a \u043f\u0440\u043e\u043a\u043e\u043c\u043c\u0435\u043d\u0442\u0438\u0440\u043e\u0432\u0430\u0442\u044c \u0440\u0430\u0437\u0433\u043e\u0432\u043e\u0440 \u043f\u0440\u043e \u0433\u0430\u043c\u0431\u0443\u0440\u0433\u0435\u0440\u044b, \u0431\u0443\u0434\u0442\u043e \u0432 \u0444\u0438\u043b\u044c\u043c\u0435 \u043d\u0438\u0447\u0435\u0433\u043e \u0432\u0430\u0436\u043d\u0435\u0435 \u044d\u0442\u043e\u0433\u043e \u043d\u0435\u0442",
            "author_id": "101",
            "pub_date": "2020-01-13T23:20:02.422Z"
        }
    },
    {
        "model": "reviews.comment",
        "pk": "3",
        "fields": {
            "review_id": "6",
            "text": "\u041a\u0441\u0442\u0430\u0442\u0438, \u0430 \u0447\u0442\u043e \u0442\u0430\u043a\u043e\u0435 \"\u0447\u0435\u0442\u0432\u0435\u0440\u0442\u044c \u0444\u0443\u043d\u0442\u0430\"? \u0412 \u0433\u0440\u0430\u043c\u043c\u0430\u0445 \u044d\u0442\u043e \u0441\u043a\u043e\u043b\u044c\u043a\u043e?",
            "author_id": "103",
            "pub_date": "2020-01-13T23:20:02.422Z"
        }
    },
    {
        "model": "reviews.title_genre",
        "pk": "1",
        "fields": {
            "title_id": "1",
            "genre_id": "1"
        }
    },
    {
        "model": "reviews.title_genre",
        "pk": "2",
        "fields": {
            "title_id": "2",
            "genre_id": "1"
        }
    },
    {
        "model": "reviews.title_genre",
        "pk": "3",
        "fields": {
            "title_id": "3",
            "genre_id": "1"
        }
    },
    {
        "model": "reviews.title_genre",
        "pk": "4",
        "fields": {
            "title_id": "4",
            "genre_id": "1"
        }
    },
    {
        "model": "reviews.title_genre",
        "pk": "5",
        "fields": {
            "title_id": "5",
            "genre_id": "2"
        }
    },
    {
        "model": "reviews.title_genre",
        "pk": "6",
        "fields": {
            "title_id": "5",
            "genre_id": "6"
        }
    },
    {
        "model": "reviews.title_genre",
        "pk": "7",
        "fields": {
            "title_id": "5",
            "genre_id": "7"
        }
    },
    {
        "model": "reviews.title_genre",
        "pk": "8",
        "fields": {
            "title_id": "6",
            "genre_id": "3"
        }
    },
    {
        "model": "reviews.title_genre",
        "pk": "9",
        "fields": {
            "title_id": "7",
            "genre_id": "4"
        }
    },
    {
        "model": "reviews.title_genre",
        "pk": "10",
        "fields": {
            "title_id": "8",
            "genre_id": "7"
        }
    },
    {
        "model": "reviews.title_genre",
        "pk": "11",
        "fields": {
            "title_id": "9",
            "genre_id": "1"
        }
    },
    {
        "model": "reviews.title_genre",
        "pk": "12",
        "fields": {
            "title_id": "9",
            "genre_id": "2"
        }
    },
    {
        "model": "reviews.title_genre",
        "pk": "13",
        "fields": {
            "title_id": "10",
            "genre_id": "4"
        }
    },
    {
        "model": "reviews.title_genre",
        "pk": "14",
        "fields": {
            "title_id": "11",
            "genre_id": "4"
        }
    },
    {
        "model": "reviews.title_genre",
        "pk": "15",
        "fields": {
            "title_id": "12",
            "genre_id": "1"
        }
    },
    {
        "model": "reviews.title_genre",
        "pk": "16",
        "fields": {
            "title_id": "12",
            "genre_id": "5"
        }
    },
    {
        "model": "reviews.title_genre",
        "pk": "17",
        "fields": {
            "title_id": "12",
            "genre_id": "6"
        }
    },
    {
        "model": "reviews.title_genre",
        "pk": "18",
        "fields": {
            "title_id": "12",
            "genre_id": "8"
        }
    },
    {
        "model": "reviews.title_genre",
        "pk": "19",
        "fields": {
            "title_id": "13",
            "genre_id": "1"
        }
    },
    {
        "model": "reviews.title_genre",
        "pk": "20",
        "fields": {
            "title_id": "14",
            "genre_id": "5"
        }
    },
    {
        "model": "reviews.title_genre",
        "pk": "21",
        "fields": {
            "title_id": "15",
            "genre_id": "2"
        }
    },
    {
        "model": "reviews.title_genre",
        "pk": "22",
        "fields": {
            "title_id": "15",
            "genre_id": "6"
        }
    },
    {
        "model": "reviews.title_genre",
        "pk": "23",
        "fields": {
            "title_id": "15",
            "genre_id": "8"
        }
    },
    {
        "model": "reviews.title_genre",
        "pk": "24",
        "fields": {
            "title_id": "16",
            "genre_id": "2"
        }
    },
    {
        "model": "reviews.title_genre",
        "pk": "25",
        "fields": {
            "title_id": "17",
            "genre_id": "2"
        }
    },
    {
        "model": "reviews.title_genre",
        "pk": "26",
        "fields": {
            "title_id": "18",
            "genre_id": "1"
        }
    },
    {
        "model": "reviews.title_genre",
        "pk": "27",
        "fields": {
            "title_id": "19",
            "genre_id": "1"
        }
    },
    {
        "model": "reviews.title_genre",
        "pk": "28",
        "fields": {
            "title_id": "20",
            "genre_id": "7"
        }
    },
    {
        "model": "reviews.title_genre",
        "pk": "29",
        "fields": {
            "title_id": "20",
            "genre_id": "8"
        }
    },
    {
        "model": "reviews.title_genre",
        "pk": "30",
        "fields": {
            "title_id": "21",
            "genre_id": "9"
        }
    },
    {
        "model": "reviews.title_genre",
        "pk": "31",
        "fields": {
            "title_id": "22",
            "genre_id": "10"
        }
    },
    {
        "model": "reviews.title_genre",
        "pk": "32",
        "fields": {
            "title_id": "23",
            "genre_id": "10"
        }
    },
    {
        "model": "reviews.title_genre",
        "pk": "33",
        "fields": {
            "title_id": "24",
            "genre_id": "10"
        }
    },
    {
        "model": "reviews.title_genre",
        "pk": "34",
        "fields": {
            "title_id": "25",
            "genre_id": "8"
        }
    },
    {
        "model": "reviews.title_genre",
        "pk": "35",
        "fields": {
            "title_id": "26",
            "genre_id": "15"
        }
    },
    {
        "model": "reviews.title_genre",
        "pk": "36",
        "fields": {
            "title_id": "27",
            "genre_id": "11"
        }
    },
    {
        "model": "reviews.title_genre",
        "pk": "37",
        "fields": {
            "title_id": "27",
            "genre_id": "14"
        }
    },
    {
        "model": "reviews.title_genre",
        "pk": "38",
        "fields": {
            "title_id": "28",
            "genre_id": "11"
        }
    },
    {
        "model": "reviews.title_genre",
        "pk": "39",
        "fields": {
            "title_id": "29",
            "genre_id": "12"
        }
    },
    {
        "model": "reviews.title_genre",
        "pk": "40",
        "fields": {
            "title_id": "30",
            "genre_id": "14"
        }
    },
    {
        "model": "reviews.title_genre",
        "pk": "41",
        "fields": {
            "title_id": "31",
            "genre_id": "13"
        }
    },
    {
        "model": "reviews.title_genre",
        "pk": "42",
        "fields": {
            "title_id": "32",
            "genre_id": "13"
        }
    }
]